,Datum,  FX,  FM, RSK,RSKF, SDK,SHK_TAG,  NM, VPM,  PM, TMK, UPM, TXK, TNK, TGK
0,1994-01-01,13.896774193548389,4.796774193548386,2.8306451612903225,5.516129032258064,1.2999999999999998,0.04838709677419349,6.574193548387097,6.761290322580645,1003.1467741935483,3.6870967741935488,85.19354838709677,5.924193548387096,1.5225806451612902,0.8870967741935484
1,1994-02-01,9.760714285714286,3.382142857142857,0.9714285714285714,4.142857142857143,2.7357142857142858,1.0357142857142858,5.5928571428571425,5.121428571428572,1011.2142857142858,-0.4714285714285715,77.78571428571429,2.435714285714286,-3.253571428571429,-3.9589285714285714
2,1994-03-01,15.725806451612904,5.274193548387097,3.074193548387097,5.419354838709677,3.356451612903226,0.0,6.180645161290322,7.65483870967742,1006.6403225806453,6.351612903225806,78.90322580645162,10.30967741935484,3.083870967741935,2.27258064516129
3,1994-04-01,12.066666666666666,3.6966666666666654,2.138333333333333,3.6999999999999997,5.241666666666667,0.0,5.343333333333334,8.453333333333333,1004.2666666666667,8.863333333333333,75.4,13.446666666666665,4.693333333333333,2.756666666666667
4,1994-05-01,11.793548387096775,3.174193548387097,2.6,3.741935483870968,6.416129032258064,0.0,5.193548387096774,10.616129032258064,1006.9145161290321,13.209677419354838,73.80645161290323,17.89032258064516,8.080645161290322,6.47258064516129
5,1994-06-01,11.983333333333333,3.3233333333333333,1.97,3.2,7.383333333333334,0.0,5.1033333333333335,12.81,1009.8466666666666,16.29,69.06666666666666,21.46333333333333,11.276666666666667,9.58
6,1994-07-01,9.7,2.4451612903225803,1.4080645161290324,1.4516129032258065,10.441935483870967,0.0,3.590322580645161,16.1758064516129,1010.8677419354838,22.579032258064522,65.61290322580645,28.18064516129032,16.05483870967742,13.574193548387097
7,1994-08-01,11.229032258064516,2.9096774193548387,3.0532258064516125,3.774193548387097,7.151612903225806,0.0,4.693548387096774,15.012903225806454,1006.9258064516127,18.200000000000003,73.96774193548387,23.47741935483871,13.683870967741935,12.338709677419354
8,1994-09-01,10.693333333333332,3.293333333333333,3.2350000000000003,4.333333333333334,3.75,0.0,5.748333333333333,13.196666666666667,1006.4583333333334,13.853333333333332,82.05000000000001,17.505000000000003,10.485,9.533333333333331
9,1994-10-01,9.625806451612904,3.070967741935484,1.7645161290322582,3.0,4.467741935483871,0.0,4.8999999999999995,8.627419354838711,1010.3725806451613,8.153225806451612,78.2741935483871,12.466129032258065,4.280645161290322,2.735483870967742
10,1994-11-01,10.983333333333333,4.316666666666666,1.4233333333333333,3.6833333333333336,1.89,0.0,6.0216666666666665,9.081666666666667,1012.3266666666666,7.786666666666667,84.53333333333333,10.203333333333333,5.091666666666667,4.683333333333334
11,1994-12-01,12.548387096774194,4.690322580645161,2.253225806451613,4.580645161290322,1.4225806451612903,0.0,5.8096774193548395,7.346774193548387,1010.9725806451613,4.262903225806452,84.54838709677419,6.543548387096774,1.7903225806451615,1.2225806451612906
12,1995-01-01,13.741935483870968,5.064516129032258,3.364516129032258,5.467741935483871,1.883870967741936,0.8548387096774194,5.993548387096775,5.727419354838709,1006.1258064516128,1.0258064516129033,82.80645161290323,3.4951612903225806,-1.5241935483870965,-2.525806451612904
13,1995-02-01,14.725,5.378571428571428,2.310714285714286,5.821428571428571,2.382142857142857,0.0714285714285714,6.260714285714286,7.2625,1003.2750000000001,5.296428571428571,80.5,8.307142857142857,2.255357142857143,1.425
14,1995-03-01,14.525806451612905,5.209677419354839,2.5419354838709682,5.032258064516129,4.706451612903226,0.3709677419354839,5.0112903225806456,6.066129032258065,1004.8193548387096,3.896774193548387,76.32258064516128,7.830645161290322,0.45483870967741935,-1.029032258064516
15,1995-04-01,12.6,4.5233333333333325,1.5766666666666667,4.1,4.760000000000001,0.0,5.578333333333333,8.245000000000001,1006.7166666666666,9.004999999999999,73.73333333333333,13.206666666666667,4.756666666666667,3.43
16,1995-05-01,10.451612903225806,3.4000000000000004,2.2887096774193547,3.387096774193548,7.135483870967741,0.0,5.070967741935484,10.309677419354838,1008.3209677419354,13.162903225806453,69.95161290322581,17.854838709677416,7.558064516129033,5.735483870967743
17,1995-06-01,9.756666666666666,3.18,3.3733333333333335,4.2,5.933333333333334,0.0,5.381666666666667,12.848333333333334,1008.3299999999999,15.178333333333331,75.31666666666666,19.68333333333333,10.636666666666668,9.473333333333333
18,1995-07-01,10.44516129032258,3.203225806451613,2.1822580645161285,2.6129032258064515,9.258064516129032,0.0,3.8112903225806454,16.443548387096776,1008.8532258064517,21.05967741935484,69.62903225806451,26.782258064516128,15.187096774193549,13.35483870967742
19,1995-08-01,9.941935483870967,2.9064516129032256,2.079032258064516,2.4193548387096775,8.374193548387098,0.0,4.070967741935484,14.359677419354838,1008.7564516129032,19.538709677419355,69.06451612903226,25.159677419354843,13.640322580645162,11.4
20,1995-09-01,10.223333333333333,3.4033333333333333,3.3133333333333335,4.266666666666667,3.98,0.0,5.878333333333334,12.251666666666669,1004.13,13.581666666666667,81.35,17.519999999999996,10.196666666666667,8.806666666666667
21,1995-10-01,7.793333333333334,2.832258064516129,0.6370967741935483,2.903225806451613,3.832258064516129,0.0,5.199999999999999,12.341935483870968,1015.2596774193548,12.275806451612903,83.59677419354838,16.43709677419355,8.488709677419354,6.506451612903226
22,1995-11-01,9.65,3.58,1.6616666666666666,3.783333333333333,2.396666666666667,0.0666666666666666,5.783333333333333,6.815,1010.25,3.4416666666666664,83.25,6.378333333333333,0.8700000000000001,0.0799999999999999
23,1995-12-01,8.609677419354838,3.2193548387096773,1.4048387096774193,4.85483870967742,1.2419354838709675,0.8709677419354839,6.1887096774193555,4.8112903225806445,1013.1645161290321,-1.8096774193548386,85.64516129032258,0.16129032258064516,-4.029032258064516,-4.635483870967741
24,1996-01-01,9.106451612903228,3.816129032258064,0.12580645161290321,3.209677419354839,1.9096774193548385,0.6935483870967742,5.679032258064517,4.396774193548387,1015.5338709677419,-2.782258064516129,83.70967741935485,-0.9,-4.691935483870968,-5.680645161290323
25,1996-02-01,10.882758620689655,4.013793103448276,1.3103448275862069,4.982758620689656,2.9206896551724135,2.2413793103448274,5.6482758620689655,4.620689655172414,1006.9155172413793,-2.043103448275862,80.65517241379311,0.8241379310344827,-5.186206896551724,-6.255172413793104
26,1996-03-01,9.82258064516129,3.758064516129033,0.603225806451613,3.8548387096774195,4.358064516129033,0.06451612903225805,5.037096774193548,5.25,1012.191935483871,1.0596774193548388,73.51612903225806,4.791935483870968,-1.7048387096774194,-2.664516129032258
27,1996-04-01,9.49,2.863333333333333,0.7816666666666666,2.6166666666666667,6.680000000000001,0.1,4.6,7.341666666666666,1010.7533333333333,9.383333333333335,64.4,14.77,3.4450000000000003,1.53
28,1996-05-01,11.28064516129032,3.3451612903225807,2.55,4.548387096774194,4.564516129032258,0.0,6.129032258064516,10.579032258064515,1005.9193548387098,11.648387096774194,75.85483870967741,15.656451612903226,7.406451612903226,6.887096774193548
29,1996-06-01,9.96,3.033333333333333,1.4099999999999997,3.2666666666666666,6.7,0.0,5.045,12.921666666666667,1011.565,15.943333333333332,70.41666666666666,20.928333333333335,11.201666666666668,9.423333333333334
30,1996-07-01,11.174193548387096,3.238709677419355,2.6322580645161286,3.6774193548387095,6.190322580645161,0.0,5.303225806451613,13.561290322580644,1009.1532258064516,16.66774193548387,73.6774193548387,20.951612903225808,11.85483870967742,10.698387096774193
31,1996-08-01,10.167741935483871,3.009677419354839,2.032258064516129,3.6774193548387095,6.906451612903226,0.0,4.748387096774193,15.193548387096774,1009.4548387096775,18.029032258064515,75.35483870967742,22.990322580645163,13.583870967741936,11.933870967741935
32,1996-09-01,10.343333333333334,3.3633333333333337,1.4833333333333334,3.4,4.88,0.0,5.346666666666667,10.86,1008.4449999999999,11.666666666666666,79.16666666666667,15.97,7.823333333333333,6.256666666666667
33,1996-10-01,9.37741935483871,3.1193548387096777,2.370967741935484,3.870967741935484,3.441935483870968,0.0,5.264516129032257,10.351612903225806,1009.8451612903226,9.96774193548387,82.90322580645162,13.9,6.541935483870968,4.874193548387097
34,1996-11-01,11.366666666666667,4.403333333333333,2.93,5.5,1.4,0.4666666666666667,6.6,7.84,1002.5083333333332,5.180000000000001,85.26666666666667,7.453333333333333,3.106666666666667,2.038333333333333
35,1996-12-01,8.2,3.2193548387096773,1.0064516129032255,3.741935483870968,1.825806451612904,0.967741935483871,5.806451612903226,4.812903225806451,1010.3177419354838,-2.083870967741935,84.3225806451613,0.2193548387096774,-4.383870967741935,-4.958064516129032
36,1997-01-01,7.483870967741935,2.8451612903225807,0.232258064516129,3.741935483870968,2.206451612903226,3.419354838709677,5.496774193548387,4.638709677419355,1017.5274193548387,-2.1193548387096777,87.03225806451613,0.4645161290322581,-4.916129032258064,-6.119354838709677
37,1997-02-01,14.446428571428571,5.396428571428571,2.4714285714285715,4.75,3.292857142857143,0.0,5.735714285714286,6.757142857142857,1010.0,4.7250000000000005,76.96428571428571,7.978571428571429,1.5678571428571428,0.5410714285714285
38,1997-03-01,10.764516129032256,3.967741935483871,1.032258064516129,4.129032258064516,4.27741935483871,0.0,5.458064516129032,7.258064516129032,1014.8693548387098,5.84516129032258,77.29032258064517,10.235483870967744,2.435483870967742,1.5306451612903227
39,1997-04-01,12.29,3.923333333333333,1.4533333333333331,3.9,6.04,0.0666666666666666,4.816666666666666,6.656666666666666,1009.7716666666668,6.989999999999999,67.83333333333333,11.676666666666668,2.2666666666666666,0.5733333333333333
40,1997-05-01,11.648387096774194,3.5806451612903225,2.2580645161290325,3.806451612903226,7.164516129032258,0.0,5.090322580645162,10.85483870967742,1007.8596774193547,13.074193548387097,72.54838709677419,17.993548387096773,8.138709677419355,6.891935483870968
41,1997-06-01,11.81,3.533333333333333,3.1333333333333333,3.6,7.436666666666666,0.0,4.943333333333333,13.176666666666668,1004.5933333333332,16.196666666666665,72.16666666666667,21.146666666666665,11.12,9.891666666666666
42,1997-07-01,9.983870967741936,2.8193548387096774,2.9612903225806453,4.064516129032258,6.967741935483871,0.0,5.193548387096774,15.49032258064516,1008.5483870967741,17.758064516129032,77.90322580645162,22.77741935483871,13.403225806451612,12.34193548387097
43,1997-08-01,8.935483870967742,2.5387096774193547,1.467741935483871,2.3225806451612905,8.25483870967742,0.0,3.858064516129032,16.66774193548387,1010.7096774193549,20.796774193548387,72.51612903225806,26.69032258064516,15.541935483870969,13.501612903225805
44,1997-09-01,8.996666666666666,2.813333333333333,0.9233333333333332,2.0,6.743333333333334,0.0,4.406666666666666,12.32,1013.6799999999998,14.033333333333331,74.63333333333334,19.94,9.093333333333334,7.361666666666667
45,1997-10-01,10.541935483870969,3.283870967741936,1.8096774193548388,3.6774193548387095,3.7838709677419353,0.0,5.158064516129032,9.080645161290322,1008.7290322580645,8.029032258064516,78.96774193548387,12.538709677419355,4.648387096774194,3.2338709677419355
46,1997-11-01,9.233333333333333,3.393333333333333,1.4200000000000002,3.8,1.7666666666666666,0.0,6.29,7.173333333333333,1005.9550000000002,4.25,85.5,6.753333333333333,1.7233333333333334,1.1199999999999999
47,1997-12-01,10.506451612903223,3.887096774193549,2.206451612903226,5.290322580645161,1.0516129032258066,0.064516129032258,6.493548387096775,6.712903225806452,1006.4580645161291,2.4838709677419355,87.64516129032258,4.690322580645161,0.3096774193548388,-0.14677419354838706
48,1998-01-01,11.725806451612904,4.245161290322581,2.183870967741936,4.838709677419355,2.1838709677419352,0.1612903225806451,5.835483870967742,6.616129032258065,1008.9790322580645,3.225806451612903,82.6774193548387,5.948387096774193,0.9903225806451614,-0.4048387096774193
49,1998-02-01,12.325,4.817857142857143,0.6607142857142857,2.9285714285714284,2.5785714285714287,0.2142857142857142,5.25,7.367857142857143,1014.4107142857142,5.614285714285714,76.92857142857143,8.871428571428572,1.992857142857143,1.0089285714285714
50,1998-03-01,12.54516129032258,4.374193548387097,1.796774193548387,4.709677419354839,4.217741935483871,0.032258064516129,5.609677419354839,6.670967741935484,1012.2516129032258,5.800000000000001,74.35483870967742,9.270967741935484,1.9193548387096773,0.5580645161290323
51,1998-04-01,11.307692307692308,3.803333333333333,2.4833333333333334,5.2,4.351666666666667,0.0,6.3133333333333335,9.22,998.6583333333333,9.253333333333334,79.26666666666667,12.913333333333332,5.86,4.121666666666666
52,1998-05-01,10.66451612903226,3.3774193548387097,1.2064516129032257,3.290322580645161,7.685483870967742,0.0,4.54516129032258,11.548387096774194,1008.2725806451613,14.838709677419354,69.2258064516129,20.09354838709677,9.49032258064516,7.5112903225806456
53,1998-06-01,10.84,3.2133333333333334,2.6566666666666667,4.6,6.468333333333334,0.0,5.513333333333334,14.446666666666664,1007.6133333333332,16.223333333333333,74.16666666666667,21.49333333333333,12.23,11.469999999999999
54,1998-07-01,11.8,3.7903225806451615,2.0387096774193547,4.645161290322581,5.6806451612903235,0.0,5.724193548387097,14.490322580645163,1004.341935483871,16.651612903225807,74.61290322580645,21.595161290322586,13.074193548387099,11.935483870967742
55,1998-08-01,11.251612903225809,3.2483870967741937,2.2612903225806447,3.6774193548387095,6.617741935483871,0.0,5.0677419354838715,13.980645161290322,1008.4903225806452,16.740322580645163,72.48387096774194,22.620967741935484,12.42258064516129,11.019354838709678
56,1998-09-01,9.71,3.2333333333333334,2.9899999999999998,4.2,3.8800000000000003,0.0,5.855,13.496666666666666,1005.1566666666668,14.075,83.5,18.089999999999996,10.813333333333334,9.226666666666668
57,1998-10-01,13.26774193548387,5.324,4.987096774193548,5.354838709677419,2.167741935483871,0.0,6.424193548387096,9.76774193548387,1004.1467741935484,9.127419354838711,82.62903225806451,11.961290322580645,6.512903225806451,5.629032258064516
58,1998-11-01,9.613333333333332,3.14,1.88,5.3,1.5666666666666669,0.1333333333333333,6.206666666666667,6.431666666666667,1010.735,2.0666666666666664,86.91666666666666,4.381666666666666,-0.36666666666666664,-1.2533333333333334
59,1998-12-01,11.25483870967742,4.374193548387097,1.5032258064516129,4.548387096774194,1.7741935483870968,1.467741935483871,5.9887096774193544,6.164516129032258,1011.8548387096773,1.5774193548387097,85.64516129032258,3.8338709677419356,-0.8096774193548386,-1.6806451612903226
60,1999-01-01,11.077419354838709,4.148387096774194,1.9645161290322584,4.741935483870968,2.135483870967742,0.5806451612903225,5.924193548387096,6.585483870967742,1006.7741935483871,3.5258064516129037,83.5,6.216129032258063,0.5387096774193547,-0.6838709677419356
61,1999-02-01,11.742857142857144,4.2,2.2357142857142858,6.214285714285714,2.1607142857142856,2.357142857142857,6.432142857142857,5.832142857142857,1003.3303571428572,1.6,85.67857142857143,4.007142857142857,-1.4392857142857145,-2.7214285714285715
62,1999-03-01,10.203225806451613,3.5064516129032257,1.493548387096774,4.258064516129032,3.551612903225806,0.0,6.035483870967742,7.309677419354839,1005.2274193548386,5.948387096774193,80.29032258064517,9.83548387096774,2.5,1.2951612903225806
63,1999-04-01,11.446666666666664,3.88,1.9766666666666668,4.066666666666666,5.388333333333334,0.0,5.136666666666667,8.953333333333335,1006.3683333333333,9.813333333333333,74.9,14.506666666666666,5.226666666666668,3.3466666666666667
64,1999-05-01,10.746666666666666,3.270967741935484,1.5612903225806452,3.225806451612903,7.353225806451613,0.0,4.790322580645161,10.883870967741936,1009.9516129032259,14.506451612903223,71.38709677419355,19.40967741935484,8.841935483870968,6.337096774193548
65,1999-06-01,10.836666666666668,3.1366666666666663,2.2,4.066666666666666,7.07,0.0,4.953333333333333,12.736666666666668,1010.63,15.78,70.26666666666667,20.976666666666667,11.196666666666664,9.563333333333333
66,1999-07-01,10.82258064516129,3.438709677419354,1.8612903225806448,3.096774193548387,8.29516129032258,0.0,4.629032258064516,15.403225806451612,1009.4612903225807,19.88387096774193,68.38709677419355,25.19677419354839,14.693548387096774,13.20967741935484
67,1999-08-01,10.64516129032258,3.261290322580645,2.2419354838709675,3.548387096774193,6.537096774193548,0.0,5.180645161290323,14.32258064516129,1006.8290322580644,17.648387096774194,72.70967741935483,22.94516129032258,13.187096774193549,10.962903225806452
68,1999-09-01,9.7,2.993333333333333,1.98,3.0,6.831666666666667,0.0,4.126666666666667,14.28,1006.7950000000001,17.946666666666665,75.56666666666666,23.28666666666667,13.023333333333332,10.558333333333334
69,1999-10-01,11.116129032258064,4.209677419354839,1.4096774193548387,3.870967741935484,3.824193548387097,0.0,5.083870967741936,10.077419354838709,1010.3177419354838,9.919354838709678,81.58064516129032,13.770967741935484,6.548387096774194,4.961290322580645
70,1999-11-01,8.506666666666666,3.313333333333333,1.52,4.566666666666666,2.24,0.4,5.933333333333334,7.489999999999999,1013.4016666666666,4.8,86.16666666666667,7.3,1.81,0.725
71,1999-12-01,14.525806451612905,5.27741935483871,3.4096774193548387,6.419354838709677,1.1709677419354838,0.2580645161290322,6.503225806451613,6.66774193548387,1001.1,2.7870967741935484,84.70967741935483,5.183870967741935,0.8225806451612904,0.1080645161290322
72,2000-01-01,11.7,4.987096774193549,1.474193548387097,4.709677419354839,1.8790322580645162,0.3870967741935484,6.064516129032258,6.235483870967743,1013.0096774193548,2.0129032258064514,84.83870967741936,4.064516129032258,-0.2032258064516129,-1.4725806451612904
73,2000-02-01,12.996551724137932,5.068965517241379,2.903448275862069,5.448275862068965,2.6741379310344833,0.0689655172413793,5.986206896551724,7.013793103448276,1009.7224137931034,4.510344827586208,82.13793103448276,7.586206896551724,1.9068965517241376,0.45689655172413784
74,2000-03-01,13.14516129032258,5.02258064516129,2.5387096774193547,4.967741935483871,2.829032258064516,0.032258064516129,6.416129032258064,7.467741935483871,1008.2225806451612,5.693548387096774,81.25806451612904,8.974193548387097,2.8096774193548386,2.1016129032258064
75,2000-04-01,10.506666666666666,3.2666666666666666,1.3433333333333335,3.2,6.023333333333333,0.0,5.236666666666666,9.446666666666664,1002.64,10.916666666666666,70.93333333333334,15.846666666666666,5.846666666666667,4.013333333333334
76,2000-05-01,10.951612903225806,3.170967741935484,1.7741935483870968,3.161290322580645,8.65,0.0,4.903225806451613,11.72258064516129,1008.9048387096773,15.332258064516129,72.03225806451613,20.8483870967742,9.87741935483871,7.648387096774194
77,2000-06-01,11.553333333333336,3.9133333333333336,1.3766666666666665,3.4,7.721666666666667,0.0,4.626666666666667,12.843333333333334,1010.8116666666667,17.326666666666664,65.06666666666666,22.596666666666668,12.053333333333336,10.566666666666666
78,2000-07-01,10.380645161290325,3.2483870967741937,3.851612903225807,5.032258064516129,3.661290322580645,0.0,6.341935483870968,14.13548387096774,1003.5258064516128,15.612903225806452,78.41935483870968,19.580645161290324,12.387096774193548,11.403225806451612
79,2000-08-01,9.693548387096774,2.803225806451613,2.629032258064516,3.4838709677419355,7.259677419354839,0.0,4.661290322580645,15.151612903225804,1010.3919354838711,17.76451612903226,74.96774193548387,23.46451612903226,13.087096774193547,11.32258064516129
80,2000-09-01,9.686666666666667,2.8433333333333333,2.4033333333333333,3.6,4.751666666666667,0.0,5.246666666666667,13.416666666666666,1008.5533333333332,14.466666666666669,81.43333333333334,18.82333333333333,10.636666666666668,9.108333333333334
81,2000-10-01,9.941935483870967,3.341935483870968,1.464516129032258,4.451612903225806,2.9838709677419355,0.0,5.95483870967742,11.125806451612902,1007.0854838709677,11.19032258064516,83.74193548387096,14.848387096774196,8.406451612903227,7.185483870967742
82,2000-11-01,9.806666666666668,3.5133333333333336,1.4333333333333331,4.6,2.521666666666667,0.0,5.91,8.43,1000.625,7.116666666666666,84.3,9.683333333333334,4.246666666666667,2.3066666666666666
83,2000-12-01,10.248387096774191,3.693548387096774,1.3290322580645162,4.709677419354839,1.7241935483870967,0.2580645161290322,6.151612903225806,7.32258064516129,1004.5693548387097,3.4290322580645163,85.90322580645162,5.838709677419355,1.470967741935484,0.15322580645161293
84,2001-01-01,9.106451612903228,3.3225806451612905,1.8387096774193548,4.967741935483871,1.8161290322580645,0.1935483870967742,5.858064516129032,6.158064516129032,1008.7354838709678,1.2483870967741937,86.12903225806451,3.693548387096774,-0.8096774193548387,-2.1241935483870966
85,2001-02-01,11.364285714285714,4.360714285714286,1.5214285714285716,4.75,2.6732142857142858,0.6785714285714286,5.792857142857143,6.167857142857143,1009.0660714285715,2.3857142857142857,81.39285714285714,5.775,-0.817857142857143,-1.2339285714285715
86,2001-03-01,11.383870967741936,3.9,2.574193548387097,5.67741935483871,2.9338709677419357,0.2903225806451613,6.367741935483871,6.638709677419355,1000.7451612903226,3.6193548387096777,81.96774193548387,7.270967741935484,0.832258064516129,0.2225806451612903
87,2001-04-01,11.413333333333334,3.85,2.286666666666666,5.366666666666666,4.211666666666667,0.0,5.836666666666667,8.05,1004.7113333333332,7.876666666666667,75.86666666666666,12.186666666666667,3.78,1.9866666666666664
88,2001-05-01,10.693548387096774,3.5806451612903225,1.3387096774193548,2.3225806451612905,8.772580645161291,0.0,4.203225806451614,11.003225806451614,1009.4161290322581,15.148387096774194,65.70967741935483,20.238709677419354,8.903225806451612,6.911290322580646
89,2001-06-01,10.823333333333332,3.313333333333333,2.546666666666667,4.0,5.859999999999999,0.0,5.470000000000001,12.373333333333331,1007.4166666666667,14.59,76.13333333333334,19.21333333333333,10.316666666666666,8.568333333333333
90,2001-07-01,10.429032258064517,3.0354838709677416,1.8870967741935485,3.096774193548387,8.511290322580646,0.0,4.516129032258064,15.17741935483871,1007.4451612903226,19.248387096774195,68.96774193548387,24.42258064516129,14.01290322580645,11.956451612903226
91,2001-08-01,10.474193548387095,3.267741935483871,2.261290322580645,3.6774193548387095,6.687096774193549,0.0,4.622580645161291,15.94516129032258,1008.8516129032259,18.93548387096774,72.54838709677419,24.67096774193548,14.193548387096774,12.543548387096774
92,2001-09-01,10.073333333333332,3.533333333333333,4.506666666666666,5.2,2.6466666666666665,0.0,6.411666666666667,12.646666666666668,1003.125,12.753333333333334,85.0,16.16,9.713333333333331,8.178333333333333
93,2001-10-01,9.348387096774196,3.606451612903226,1.42258064516129,3.290322580645161,3.541935483870968,0.0,5.32258064516129,12.806451612903226,1010.4629032258064,13.148387096774194,85.54838709677419,16.87741935483871,9.696774193548388,7.667741935483871
94,2001-11-01,10.316666666666666,3.803333333333333,2.6366666666666663,4.566666666666666,1.71,0.0,6.056666666666667,7.55,1011.6983333333334,4.510000000000001,87.03333333333333,7.153333333333333,1.4833333333333334,0.2366666666666666
95,2001-12-01,11.13,3.938709677419354,1.7774193548387098,5.645161290322581,1.4016129032258065,1.6774193548387095,6.111290322580645,5.674193548387097,1013.2838709677419,0.4290322580645161,85.6774193548387,2.519354838709677,-2.1258064516129034,-2.9596774193548385
96,2002-01-01,12.096296296296297,4.710344827586207,1.2193548387096775,4.516129032258065,1.9693548387096773,0.5806451612903226,5.990322580645161,6.290322580645161,1015.082258064516,2.1903225806451614,85.41935483870968,4.67741935483871,-0.7548387096774193,-2.0241935483870965
97,2002-02-01,15.589285714285714,5.635714285714286,3.2285714285714286,5.0,3.117857142857143,0.1428571428571428,5.685714285714286,7.289285714285714,1003.2517857142857,5.55,78.53571428571429,9.178571428571429,2.310714285714286,0.5571428571428572
98,2002-03-01,10.964516129032258,4.232258064516128,1.6290322580645162,3.4838709677419355,4.445161290322581,0.0,5.501612903225807,6.929032258064517,1010.1516129032258,5.72258064516129,75.3225806451613,9.961290322580645,1.9903225806451608,0.10967741935483866
99,2002-04-01,11.193333333333332,3.582758620689656,1.8266666666666669,3.2333333333333334,5.316666666666666,0.0,5.126666666666667,8.163333333333334,1009.3433333333335,8.79,72.4,12.983333333333334,4.325,2.4566666666666666
100,2002-05-01,9.67741935483871,3.2774193548387096,2.332258064516129,3.870967741935484,5.990322580645162,0.0,5.467741935483871,12.29032258064516,1006.7741935483871,14.082258064516129,76.0,18.816129032258065,10.130645161290323,8.600000000000001
101,2002-06-01,11.35,3.9566666666666666,2.6033333333333335,3.833333333333333,6.923333333333333,0.0,5.033333333333333,14.503333333333334,1008.505,17.714999999999996,71.85,22.281666666666666,12.806666666666665,11.256666666666666
102,2002-07-01,10.916129032258064,3.735483870967742,3.196774193548387,4.064516129032258,6.070967741935483,0.0,5.338709677419355,15.601612903225806,1006.6370967741937,18.293548387096777,76.88709677419355,22.411290322580648,14.074193548387095,12.416129032258064
103,2002-08-01,8.812903225806451,2.7774193548387096,3.1354838709677417,3.096774193548387,6.783870967741936,0.0,4.683870967741935,17.656451612903226,1006.8790322580645,19.808064516129036,79.12903225806451,24.616129032258065,15.612903225806452,13.651612903225804
104,2002-09-01,8.85,2.8266666666666667,1.4216666666666666,2.833333333333333,5.766666666666667,0.0,4.556666666666667,12.463333333333335,1011.1566666666665,14.468333333333334,78.51666666666667,19.33,9.901666666666667,7.27
105,2002-10-01,11.929032258064517,4.103225806451613,3.4483870967741934,4.67741935483871,3.103225806451613,0.0,5.864516129032259,9.543548387096774,1005.183870967742,8.387096774193548,84.03225806451613,12.130645161290325,4.872580645161291,3.651612903225807
106,2002-11-01,8.933333333333334,3.341666666666667,3.2333333333333334,4.45,1.3733333333333335,0.0,6.42,8.396666666666667,1003.2916666666665,5.675,90.19166666666666,7.638333333333333,2.8616666666666664,2.273333333333333
107,2002-12-01,9.438709677419356,3.835483870967742,1.8258064516129031,4.516129032258064,1.464516129032258,0.1290322580645161,5.938709677419355,5.674193548387096,1013.5935483870968,-0.17096774193548384,86.08064516129033,1.8080645161290323,-2.45,-2.135483870967742
108,2003-01-01,10.535483870967743,4.090322580645161,1.9,5.774193548387097,1.3483870967741938,1.5806451612903225,6.45,5.790322580645161,1006.8822580645161,0.2774193548387096,87.0,2.97741935483871,-2.941935483870968,-3.724193548387097
109,2003-02-01,8.135714285714286,3.1750000000000003,0.5964285714285714,3.0357142857142856,4.392857142857143,0.6071428571428572,4.351785714285715,4.392857142857143,1016.9303571428572,-1.042857142857143,79.89285714285714,2.557142857142857,-4.942857142857143,-6.796428571428571
110,2003-03-01,9.593548387096773,3.548387096774193,0.9032258064516128,2.677419354838709,5.316129032258064,0.0,4.366129032258065,6.558064516129033,1016.8983870967741,5.054838709677419,75.06451612903226,10.025806451612905,0.2419354838709677,-1.585483870967742
111,2003-04-01,12.263333333333334,4.346666666666667,1.37,3.533333333333333,7.286666666666666,0.0,4.113333333333333,7.1033333333333335,1009.865,8.803333333333335,61.73333333333333,14.59,3.3366666666666664,0.5483333333333333
112,2003-05-01,10.606451612903228,3.367741935483872,2.367741935483872,4.064516129032258,6.980645161290322,0.0,5.25,11.470967741935484,1009.9935483870969,14.2,71.48387096774194,19.86774193548387,9.167741935483871,6.779032258064516
113,2003-06-01,11.327586206896552,3.7633333333333336,1.393333333333333,2.8,9.366666666666667,0.0,4.333333333333334,14.236666666666668,1008.5466666666666,19.73333333333333,67.03333333333333,25.576666666666664,13.176666666666668,10.508333333333333
114,2003-07-01,10.506451612903223,3.487096774193548,1.6225806451612903,3.870967741935484,7.245161290322581,0.0,4.82258064516129,15.13225806451613,1008.25,19.606451612903225,70.35483870967742,25.09354838709677,14.564516129032258,12.690322580645162
115,2003-08-01,10.287096774193548,3.454838709677419,0.7774193548387097,2.7096774193548385,8.609677419354838,0.0,3.695161290322581,14.26774193548387,1009.1048387096774,20.26129032258065,63.096774193548384,26.983870967741936,14.09032258064516,11.780645161290323
116,2003-09-01,9.667380952380952,2.92,1.7066666666666668,2.8,6.943333333333333,0.0,4.205,11.76,1012.5383333333333,14.77,75.36666666666666,20.58333333333333,8.763333333333332,6.376666666666667
117,2003-10-01,9.906451612903227,3.196774193548387,1.929032258064516,3.612903225806452,4.174193548387097,0.0,4.880645161290323,8.07741935483871,1006.0225806451614,6.470967741935484,82.64516129032258,10.74516129032258,2.454838709677419,-0.3241935483870968
118,2003-11-01,9.14,3.5733333333333333,1.5933333333333333,3.6,2.2666666666666666,0.0,5.851666666666667,8.71,1010.6099999999999,6.48,88.16666666666667,9.763333333333332,3.9266666666666654,2.1616666666666666
119,2003-12-01,10.970967741935484,4.629032258064516,1.596774193548387,3.806451612903226,2.2870967741935484,0.04838709677419349,5.437096774193549,6.406451612903226,1009.7322580645161,2.883870967741936,84.25806451612904,5.554838709677419,0.0967741935483871,-1.919354838709678
120,2004-01-01,10.829032258064515,3.774193548387097,3.025806451612904,5.838709677419355,1.2935483870967743,1.0161290322580645,6.664516129032258,5.551612903225807,1002.3951612903227,0.6032258064516128,84.25806451612904,3.148387096774193,-1.719354838709677,-2.975806451612903
121,2004-02-01,11.441379310344828,4.224137931034483,1.7793103448275862,4.862068965517241,2.648275862068965,0.24137931034482754,5.789655172413793,6.3310344827586205,1009.2637931034483,3.4,79.6896551724138,5.896551724137931,0.3724137931034482,-1.4224137931034484
122,2004-03-01,11.187096774193549,4.4,1.067741935483871,4.387096774193548,4.067741935483871,0.27419354838709675,5.20483870967742,6.696774193548387,1013.2467741935484,5.087096774193548,75.38709677419355,9.061290322580644,1.2677419354838708,-1.0725806451612905
123,2004-04-01,10.033333333333331,3.5133333333333336,1.0,3.466666666666667,6.403333333333333,0.0,4.948333333333333,8.35,1006.9533333333334,10.096666666666666,69.7,15.36,4.8933333333333335,2.4016666666666664
124,2004-05-01,10.69032258064516,3.838709677419355,1.6741935483870969,3.870967741935484,6.025806451612904,0.0,5.514516129032258,10.438709677419356,1005.9306451612904,12.258064516129032,74.45161290322581,17.032258064516128,7.470967741935484,5.2064516129032254
125,2004-06-01,11.636666666666668,3.8434782608695657,2.4,4.4,6.1066666666666665,0.0,5.471666666666668,13.133333333333333,1008.4300000000001,15.93,76.76666666666667,20.67,11.08,8.925
126,2004-07-01,11.448387096774193,3.506896551724138,3.485483870967742,4.580645161290323,6.906451612903226,0.0,5.238709677419355,14.822580645161292,1008.167741935484,16.596774193548384,78.56451612903226,21.96290322580645,12.429032258064517,10.603225806451611
127,2004-08-01,10.72258064516129,3.541935483870968,2.675806451612903,3.5806451612903225,7.241935483870968,0.0,4.577419354838709,15.609677419354838,1005.7048387096775,18.94677419354839,75.04838709677419,24.200000000000003,14.243548387096775,11.73225806451613
128,2004-09-01,10.406896551724138,3.6666666666666665,1.7816666666666663,3.3,6.3133333333333335,0.0,4.376666666666667,12.16,1011.0016666666666,14.638333333333332,75.81666666666666,19.316666666666666,10.023333333333333,7.13
129,2004-10-01,10.290322580645162,3.512903225806452,1.604838709677419,3.193548387096774,3.6790322580645167,0.0,5.380645161290323,10.609677419354838,1006.6806451612902,10.54032258064516,82.61290322580645,14.299999999999999,7.051612903225807,5.016129032258065
130,2004-11-01,10.54,3.556666666666666,2.0316666666666663,4.75,1.958333333333333,0.0666666666666666,6.29,7.725,1010.9266666666667,4.791666666666666,87.93333333333334,7.468333333333334,2.02,0.72
131,2004-12-01,9.787096774193548,4.012903225806451,1.3758064516129034,3.387096774193548,1.2596236559139784,0.064516129032258,6.377419354838709,6.364516129032259,1010.7548387096774,1.870967741935484,89.70967741935483,4.127419354838709,-0.5403225806451613,-1.2516129032258063
132,2005-01-01,12.66451612903226,5.199999999999999,1.8435483870967744,5.403225806451613,1.7838709677419355,1.806451612903225,5.987096774193549,6.340322580645161,1009.6532258064515,3.0887096774193554,83.59677419354838,5.470967741935484,0.45967741935483863,-1.3612903225806452
133,2005-02-01,10.142857142857142,4.225,1.6767857142857143,5.232142857142858,2.5642857142857145,3.642857142857143,5.675,5.15,1009.7267857142857,-0.1625,82.92857142857143,2.205357142857143,-2.6,-4.0
134,2005-03-01,10.422580645161291,4.183870967741935,1.3225806451612903,4.338709677419354,4.449999999999999,3.193548387096774,5.493548387096775,6.6322580645161295,1008.8306451612905,4.130645161290323,75.70967741935485,8.183870967741935,-0.05000000000000002,-1.793548387096774
135,2005-04-01,10.41,3.503333333333333,1.9616666666666664,3.3,6.65,0.0,4.92,8.181666666666667,1008.35,10.195,69.83333333333334,15.105,4.468333333333334,0.8933333333333333
136,2005-05-01,10.54516129032258,3.52258064516129,2.364516129032258,4.064516129032258,7.056451612903226,0.0,5.170967741935484,10.84193548387097,1008.5145161290322,13.464516129032258,71.85483870967741,18.495161290322578,8.320967741935483,6.225806451612903
137,2005-06-01,10.776666666666667,3.68,1.39,3.3,8.741666666666667,0.0,4.7733333333333325,12.608333333333334,1010.3483333333334,16.825,68.48333333333333,22.485,11.063333333333334,8.65
138,2005-07-01,10.933333333333334,3.403225806451613,3.459677419354839,4.064516129032258,6.47010752688172,0.0,5.570967741935483,15.546774193548387,1006.65,18.501612903225805,74.51612903225806,23.704838709677418,14.120967741935484,12.383870967741936
139,2005-08-01,9.670967741935485,3.270967741935484,2.082258064516129,3.290322580645161,6.533870967741935,0.0,4.941935483870967,14.119354838709675,1008.9887096774194,16.298387096774192,77.19354838709677,21.01451612903226,12.17741935483871,10.14516129032258
140,2005-09-01,9.07,2.783333333333333,1.7,2.4,6.818333333333333,0.0,4.046666666666667,13.418333333333333,1011.5616666666666,15.793333333333333,77.06666666666666,21.379999999999995,10.905,7.733333333333333
141,2005-10-01,8.7,3.25,1.1725806451612903,2.129032258064516,5.8677419354838705,0.0,3.861290322580645,11.320967741935483,1014.6209677419355,11.551612903225806,81.95161290322581,16.48548387096774,7.232258064516128,4.916129032258064
142,2005-11-01,8.896666666666667,3.23,1.3366666666666667,4.433333333333334,2.48,0.5333333333333333,5.926666666666667,7.656666666666666,1009.655,4.966666666666667,88.03333333333333,7.793333333333333,2.21,0.0866666666666667
143,2005-12-01,10.019354838709678,3.893548387096774,1.8580645161290323,5.483870967741935,1.3064516129032258,1.967741935483871,6.603225806451612,6.088709677419355,1007.6612903225807,1.5903225806451613,89.59677419354838,3.6661290322580644,-0.8451612903225807,-2.6580645161290324
144,2006-01-01,8.012903225806452,3.116129032258064,0.6629032258064516,2.82258064516129,2.4693548387096773,0.967741935483871,5.34516129032258,4.667741935483871,1019.7758064516129,-1.803225806451613,85.33870967741936,1.0080645161290323,-4.851612903225806,-6.070967741935483
145,2006-02-01,8.982142857142858,3.610714285714285,1.6428571428571428,5.25,1.6946428571428571,0.5,6.514285714285714,5.38505291005291,1007.3535714285714,0.225,85.875,2.8696428571428574,-1.9660714285714285,-3.321428571428572
146,2006-03-01,10.883333333333333,4.04516129032258,2.3548387096774195,5.14516129032258,3.3725806451612907,2.774193548387097,5.809677419354839,5.864516129032259,1003.9645161290322,1.846774193548387,80.66129032258064,5.406451612903226,-1.5806451612903225,-4.061290322580645
147,2006-04-01,10.873333333333331,3.5900000000000003,1.7266666666666668,4.666666666666666,4.84287356321839,0.0,5.656666666666666,8.239999999999998,1006.1233333333332,8.676666666666666,75.73333333333333,12.973333333333333,4.411666666666666,1.6833333333333331
148,2006-05-01,12.283870967741937,4.058064516129032,2.238709677419355,3.903225806451613,7.041935483870968,0.0,4.82258064516129,10.316129032258065,1007.9564516129033,13.746774193548386,69.19354838709677,18.691935483870967,8.653225806451612,5.629032258064516
149,2006-06-01,9.313333333333333,2.99,1.1816666666666666,3.0,8.796666666666667,0.0,4.3966666666666665,13.226666666666667,1012.7283333333332,17.656666666666666,69.86666666666667,22.740000000000002,11.743333333333334,9.373333333333331
150,2006-07-01,9.619354838709675,3.0161290322580645,1.6483870967741936,2.129032258064516,11.39032258064516,0.0,3.174193548387097,15.993548387096773,1012.2951612903225,23.12258064516129,62.37096774193549,29.059677419354838,16.425806451612903,13.925806451612903
151,2006-08-01,10.816129032258065,3.3741935483870966,4.361290322580645,5.064516129032258,4.590322580645161,0.0,6.006451612903225,14.056451612903226,1002.1693548387098,16.570967741935483,78.83870967741936,21.046774193548387,13.009677419354837,11.103225806451611
152,2006-09-01,9.876666666666669,3.337931034482758,1.195,2.5,7.101666666666667,0.0,4.043333333333333,14.648333333333333,1009.2366666666667,17.711666666666666,74.19999999999999,23.10833333333333,12.766666666666666,10.37
153,2006-10-01,9.76774193548387,2.7580645161290325,1.8322580645161286,3.5806451612903225,3.9870967741935486,0.0,5.445161290322581,12.245161290322581,1007.2629032258064,12.745161290322581,81.69354838709677,16.55,9.151612903225807,7.006451612903225
154,2006-11-01,10.97,3.4266666666666667,1.7366666666666666,4.466666666666667,2.248333333333333,0.0,5.656666666666666,8.898333333333333,1008.1933333333334,7.859999999999999,84.44999999999999,11.038333333333334,4.574999999999999,2.3666666666666667
155,2006-12-01,11.393548387096772,4.274193548387097,1.229032258064516,3.774193548387097,1.7693548387096776,0.0,6.287096774193548,7.358064516129033,1015.7403225806449,5.058064516129032,85.24193548387098,7.846774193548387,2.4887096774193553,0.7774193548387097
156,2007-01-01,16.280645161290323,6.27741935483871,2.629032258064517,5.14516129032258,1.3612903225806452,0.2580645161290322,6.280645161290322,7.524193548387097,1005.9870967741934,5.480645161290322,81.85483870967741,7.916129032258064,2.370967741935484,0.7548387096774194
157,2007-02-01,10.992857142857142,4.485714285714286,2.3482142857142856,4.821428571428571,2.123214285714286,0.25,6.607142857142857,7.191071428571429,1003.45,4.148214285714285,85.25,7.182142857142857,1.5071428571428571,-0.2625
158,2007-03-01,11.329032258064515,4.396774193548387,2.043548387096774,3.612903225806452,5.445161290322581,0.064516129032258,4.487096774193549,7.196774193548387,1008.2548387096774,6.97258064516129,75.54838709677419,11.412903225806453,2.4096774193548387,0.3338709677419355
159,2007-04-01,10.913333333333334,4.128333333333334,0.0883333333333333,0.9333333333333335,9.393333333333334,0.0,3.356666666666667,8.024615384615384,1015.3576923076924,11.934999999999999,61.75,18.46333333333333,5.113333333333333,1.4416666666666664
160,2007-05-01,11.983870967741936,3.6193548387096772,3.920967741935484,3.516129032258064,7.4,0.0,4.848387096774194,11.514516129032259,1003.8903225806451,14.59193548387097,70.7258064516129,19.3,9.683870967741935,7.412903225806452
161,2007-06-01,10.985,3.513793103448276,3.6983333333333333,4.2,6.760000000000001,0.0,5.3566666666666665,15.09,1005.2866666666666,17.308333333333334,75.75,22.30666666666667,13.026666666666667,11.34
162,2007-07-01,12.266129032258064,3.867741935483872,3.8419354838709676,4.258064516129032,6.458064516129032,0.0,5.529032258064516,14.488709677419354,1004.6964285714286,17.289877641824248,74.03225806451613,22.17419354838709,13.264516129032256,11.606451612903225
163,2007-08-01,9.950000000000001,3.335483870967742,2.6129032258064515,3.6774193548387095,6.83225806451613,0.0,4.95483870967742,14.506451612903227,1006.2291666666666,17.44164746543779,77.56451612903226,21.906451612903226,12.574193548387097,10.525806451612901
164,2007-09-01,11.05,4.025,2.2933333333333334,3.5999999999999996,4.706666666666666,0.0,5.54,11.668333333333333,1010.4733333333334,13.498333333333335,79.76666666666667,17.3,8.866666666666667,7.295
165,2007-10-01,8.111290322580643,2.888709677419355,0.4612903225806452,2.467741935483871,3.851612903225807,0.0,5.245161290322581,9.51774193548387,1017.1533333333334,8.966129032258063,81.59677419354838,12.787096774193548,4.941935483870967,2.6419354838709674
166,2007-11-01,10.803333333333333,4.12,2.05,5.05,1.6666666666666667,0.0333333333333333,6.4,7.1899999999999995,1009.11,4.125,85.65,6.52,1.3166666666666669,-0.11666666666666674
167,2007-12-01,9.533870967741937,3.7903225806451615,1.7967741935483872,3.306451612903226,1.4806451612903226,0.0,6.280645161290322,6.106451612903226,1013.7354838709678,2.009677419354839,86.01612903225806,4.270967741935484,0.0129032258064515,-1.2532258064516126
168,2008-01-01,12.269354838709678,4.783870967741936,2.1516129032258067,4.064516129032258,1.716129032258065,0.0,6.449999999999999,6.770967741935484,1009.0806451612904,4.067741935483871,81.09677419354838,6.691935483870968,1.1903225806451614,-0.5387096774193548
169,2008-02-01,11.344827586206897,4.48448275862069,1.6620689655172414,2.6206896551724137,3.193103448275862,0.0,4.931034482758621,6.486206896551724,1017.3448275862067,4.5344827586206895,77.44827586206897,8.386206896551723,0.7603448275862068,-1.489655172413793
170,2008-03-01,13.933870967741935,5.054838709677419,2.4612903225806453,5.32258064516129,3.435483870967742,0.2258064516129032,6.141935483870967,6.551612903225807,997.5258064516128,4.964516129032258,76.6774193548387,8.616129032258065,1.446774193548387,-0.6032258064516128
171,2008-04-01,9.966666666666667,3.5194047619047617,2.386666666666667,4.266666666666667,4.116666666666666,0.0,5.811666666666667,8.056666666666667,1005.23,8.273333333333333,76.36666666666666,12.663333333333334,3.9450000000000003,1.57
172,2008-05-01,9.47258064516129,3.2516129032258068,0.7645161290322581,2.0,8.559677419354838,0.0,4.2,10.567741935483872,1010.741935483871,15.270967741935484,65.54838709677419,20.840322580645164,8.851612903225806,6.870967741935484
173,2008-06-01,11.483333333333334,3.777586206896552,1.8266666666666669,3.0,7.954433333333332,0.0,4.625,13.41,1008.5923076923076,16.783333333333335,70.3,22.553333333333335,11.216666666666665,8.443333333333333
174,2008-07-01,10.85,3.709677419354839,2.7774193548387096,3.6774193548387095,7.175806451612903,0.0,4.993548387096775,14.358064516129032,1007.7413793103448,18.009677419354837,72.83870967741936,23.47741935483871,13.253225806451614,11.074193548387097
175,2008-08-01,11.2,3.741935483870968,2.990322580645161,3.870967741935484,5.758064516129032,0.0,5.546774193548387,14.78064516129032,1005.9193548387096,17.661290322580644,73.90322580645162,22.488709677419354,13.208064516129031,11.30967741935484
176,2008-09-01,9.196666666666664,3.2316666666666665,1.9666666666666663,3.0,4.558333333333334,0.0,5.45,11.973333333333333,1012.5733333333334,13.323333333333332,78.86666666666666,17.561666666666667,8.273333333333333,6.303333333333333
177,2008-10-01,9.561290322580644,3.514516129032258,2.458064516129032,3.6774193548387095,3.393548387096774,0.0,5.580645161290323,10.383870967741936,1008.6225806451612,9.62258064516129,84.8441935483871,13.43225806451613,5.912903225806451,4.003225806451613
178,2008-11-01,10.546666666666669,4.169655172413793,1.3,3.9,1.3483333333333332,0.33333333333333326,6.31,8.110000000000001,1005.5862068965516,5.87,86.93333333333334,8.5,3.086666666666667,0.9966666666666666
179,2008-12-01,8.761290322580646,3.141935483870968,1.3225806451612905,3.4838709677419355,1.5064516129032257,0.1612903225806451,6.343548387096774,6.190322580645161,1009.9096774193548,1.9387096774193548,88.06451612903226,3.798387096774193,-0.5129032258064516,-2.116129032258064
180,2009-01-01,7.745161290322581,2.803225806451613,1.1580645161290324,2.5806451612903225,2.514516129032258,1.1088709677419355,5.4322580645161285,4.83225806451613,1007.9193548387096,-1.3709677419354838,86.03225806451613,1.4419354838709677,-4.848387096774194,-7.180645161290323
181,2009-02-01,9.25,3.7964285714285713,2.007142857142857,5.321428571428571,1.5125000000000002,0.7142857142857143,6.669642857142857,5.621428571428572,1006.2642857142856,0.975,86.25,3.694642857142857,-1.7714285714285714,-3.439285714285714
182,2009-03-01,11.112903225806452,3.993548387096774,2.370967741935484,4.193548387096774,3.164516129032258,0.0,6.132258064516129,6.951612903225806,1006.1774193548388,5.296774193548386,81.06451612903226,8.711290322580645,1.5596774193548386,-0.4548387096774193
183,2009-04-01,9.976666666666668,3.617857142857143,0.89,1.8,7.966666666666667,0.0,4.004615384615384,9.04,1009.3653846153846,12.513333333333332,68.5,18.351231884057967,6.318333333333333,3.066666666666667
184,2009-05-01,11.634782608695652,3.8488269794721406,1.7548387096774194,3.6774193548387095,7.47258064516129,0.0,4.983870967741936,11.212903225806452,1012.5833333333334,14.041935483870969,71.87096774193549,19.422580645161293,7.811290322580645,5.474193548387096
185,2009-06-01,11.3,4.03,2.216666666666667,3.4,6.6800000000000015,0.0,5.201666666666667,12.633333333333333,1008.9166666666666,15.33,73.9,20.475,10.331666666666667,8.286666666666667
186,2009-07-01,10.75483870967742,3.2161290322580642,3.7354838709677423,4.258064516129032,6.983870967741936,0.0,5.1338709677419345,15.33548387096774,1006.7129032258064,18.39032258064516,72.83870967741936,23.47741935483871,13.520967741935484,11.790322580645162
187,2009-08-01,10.15483870967742,3.3354838709677423,1.196774193548387,2.3225806451612905,8.18225806451613,0.0,4.10758064516129,14.74516129032258,1010.7,18.703225806451613,71.58064516129032,24.653225806451616,12.912903225806453,10.870967741935484
188,2009-09-01,9.826666666666666,3.3083333333333336,0.99,2.2,6.0183333333333335,0.0,4.806666666666667,13.016666666666667,1013.7633333333334,14.956666666666669,76.26666666666667,19.92666666666667,9.978333333333333,7.689999999999999
189,2009-10-01,9.84516129032258,3.6096774193548384,2.2580645161290325,3.838709677419355,2.9403225806451614,0.0,5.6822580645161285,9.516129032258064,1009.9178571428572,8.525806451612903,83.41935483870968,12.109677419354838,4.929032258064517,2.793548387096774
190,2009-11-01,10.706666666666669,3.658333333333333,2.806666666666666,4.9,1.7466666666666666,0.0,6.383333333333333,9.01,1000.73,8.206666666666667,82.8,10.536666666666665,5.341666666666667,3.6766666666666654
191,2009-12-01,8.829032258064515,3.3225806451612905,2.609677419354839,5.064516129032258,1.2370967741935486,1.1612903225806452,6.490322580645161,6.093548387096774,1003.232258064516,1.0870967741935482,87.87096774193549,3.4016129032258062,-1.8499999999999996,-3.6193548387096777
192,2010-01-01,9.290322580645162,4.112903225806452,1.2419354838709675,5.064516129032258,0.8516129032258064,7.387096774193548,6.97741935483871,4.370967741935484,1009.9142857142856,-3.1193548387096777,88.29032258064517,-0.9935483870967743,-5.254838709677419,-6.212903225806452
193,2010-02-01,9.982142857142858,3.628571428571429,1.4785714285714284,5.5,1.6160714285714286,6.553571428571429,6.992857142857142,5.264285714285714,998.4535714285714,-0.1642857142857143,84.89285714285714,2.7839285714285715,-2.073214285714286,-3.792857142857143
194,2010-03-01,11.374193548387098,3.861290322580645,1.435483870967742,3.6774193548387095,4.337096774193549,0.6612903225806452,5.666129032258064,6.706451612903226,1009.8133333333334,4.867741935483871,75.41935483870968,9.18225806451613,1.0,-1.841935483870968
195,2010-04-01,10.71,3.8133333333333335,0.5633333333333332,2.4,7.313333333333333,0.0,4.413333333333333,7.416666666666667,1012.91,9.563333333333333,66.06666666666666,15.048333333333334,3.2916666666666665,0.35
196,2010-05-01,10.083870967741936,3.606451612903226,2.6516129032258067,4.258064516129032,3.7064516129032254,0.0,6.417677419354838,9.751612903225809,1006.558064516129,10.548387096774194,78.29032258064517,14.837096774193547,6.564516129032258,4.580645161290323
197,2010-06-01,9.886666666666668,3.07,0.9366666666666666,2.066666666666667,8.441666666666666,0.0,4.483275862068965,12.846428571428572,1008.8266666666666,16.87,70.14285714285714,22.739999999999995,10.296666666666667,8.303333333333333
198,2010-07-01,9.790322580645162,3.06774193548387,2.4258064516129028,2.7096774193548385,9.048387096774192,0.0,4.083870967741936,15.470967741935484,1009.7741935483872,21.13225806451613,65.83870967741936,26.951612903225808,14.464516129032258,11.964516129032257
199,2010-08-01,10.116129032258064,3.196774193548387,4.919354838709677,4.258064516129032,4.817741935483871,0.0,5.974193548387097,15.33548387096774,1006.1548387096774,17.17096774193548,79.7741935483871,21.458064516129035,12.620967741935484,11.083870967741936
200,2010-09-01,9.426666666666668,3.4266666666666667,2.41,3.4,4.941666666666666,0.0,5.548333333333334,12.153333333333334,1008.7266666666668,13.096666666666666,82.16666666666667,17.28333333333333,8.596666666666668,6.536666666666666
201,2010-10-01,8.783870967741937,3.206451612903225,1.2483870967741937,2.774193548387097,4.101612903225806,0.0,5.3096774193548395,9.496666666666666,1008.6866666666666,8.66451612903226,82.19354838709677,12.879032258064516,4.582258064516129,2.364516129032258
202,2010-11-01,10.216666666666669,3.74,3.0933333333333333,5.033333333333333,1.1616666666666666,0.2666666666666666,6.918333333333333,8.08,999.7233333333334,5.35,87.43333333333334,7.324999999999999,3.208333333333333,1.4466666666666663
203,2010-12-01,9.40967741935484,3.651612903225807,2.735483870967742,5.483870967741935,0.8629032258064515,10.983870967741936,6.85674486803519,4.716129032258064,1003.46,-2.903225806451613,90.85,-0.42741935483870963,-6.024193548387096,-7.458064516129032
204,2011-01-01,9.006451612903225,3.296774193548387,1.738709677419355,4.548387096774194,1.5870967741935482,2.5483870967741935,6.469354838709677,6.422580645161291,1011.3724137931034,1.8774193548387093,89.3225806451613,3.9112903225806455,-0.7548387096774194,-2.116129032258064
205,2011-02-01,10.05,4.425,1.032142857142857,3.2142857142857144,2.4375,0.16071428571428564,6.324999999999999,5.682142857142857,1011.7,1.3714285714285714,80.53846153846153,4.4107142857142865,-1.0517857142857143,-2.060714285714286
206,2011-03-01,10.058064516129033,3.583870967741935,0.4741935483870968,2.129032258064516,6.180645161290323,0.0,4.159677419354839,6.374193548387097,1016.5870967741936,4.67741935483871,73.25806451612904,10.824193548387097,0.9919354838709677,-1.903225806451613
207,2011-04-01,10.97,4.01,0.7366666666666667,2.066666666666667,8.563333333333333,0.0,3.843333333333333,8.84,1012.33,12.31,67.16666666666667,18.36,5.843333333333334,2.96
208,2011-05-01,11.458064516129031,3.441935483870968,1.0,2.3870967741935485,8.985483870967741,0.0,4.274193548387096,9.819354838709677,1012.1967741935484,14.361290322580643,63.16129032258065,20.761290322580646,7.525806451612903,4.812903225806451
209,2011-06-01,11.393333333333334,3.417857142857143,2.966666666666667,4.0,6.994999999999999,0.0,5.306666666666667,13.696666666666664,1009.2766666666666,16.643333333333334,73.5,21.915,11.478333333333332,9.756666666666666
210,2011-07-01,10.788709677419355,3.5725806451612905,3.3096774193548386,4.258064516129032,5.080645161290322,0.0,6.083870967741936,14.093548387096776,1004.6225806451612,16.82903225806452,76.07692307692308,21.045161290322582,11.86774193548387,10.35483870967742
211,2011-08-01,10.650860215053761,3.0483870967741935,3.064516129032258,4.064516129032258,5.887096774193548,0.0,5.461290322580645,15.883870967741936,1007.0645161290324,17.693548387096776,77.74193548387096,23.270967741935486,13.443548387096774,11.64516129032258
212,2011-09-01,9.828333333333333,2.8066666666666666,1.4,2.6,6.401666666666667,0.0,4.593333333333334,14.02,1009.6333333333332,15.7,78.13333333333334,21.118333333333332,11.053333333333333,8.54
213,2011-10-01,9.47741935483871,3.1,1.596774193548387,2.5806451612903225,4.859677419354838,0.0,4.387096774193548,10.4,1012.8870967741937,10.103225806451611,82.93548387096774,14.803225806451612,5.9967741935483865,3.1903225806451614
214,2011-11-01,7.86,3.046666666666667,0.05,1.3333333333333333,2.8216666666666668,0.0,5.762307692307692,8.01,1015.4366666666666,4.973333333333333,91.0,8.388333333333334,1.76,0.11
215,2011-12-01,13.174193548387096,4.716129032258064,3.735483870967742,5.774193548387097,0.9758064516129032,0.04838709677419349,6.640322580645162,7.45483870967742,1002.3225806451612,4.6,86.70967741935483,7.024193548387097,2.4048387096774193,0.7806451612903226
216,2012-01-01,12.516129032258064,4.709677419354839,2.9838709677419355,3.225806451612903,1.8048387096774192,0.04838709677419349,5.993548387096774,6.578571428571428,1010.783870967742,2.606451612903226,85.09677419354838,4.929032258064516,0.18548387096774194,-1.214516129032258
217,2012-02-01,10.320689655172414,4.196551724137931,0.7965517241379311,3.4482758620689653,3.201724137931034,0.896551724137931,5.548275862068966,4.786206896551724,1019.4724137931034,-1.313793103448276,80.27586206896552,1.7448275862068963,-5.2172413793103445,-7.551724137931035
218,2012-03-01,10.748387096774191,4.306451612903226,0.4064516129032258,1.2903225806451613,5.282258064516129,0.0,4.832258064516129,7.445161290322581,1018.6935483870968,7.670967741935484,74.83870967741936,12.719354838709677,3.138709677419355,0.2258064516129032
219,2012-04-01,11.493333333333334,3.786666666666666,1.62,3.066666666666667,5.226666666666667,0.0,5.6416666666666675,7.7,998.6434782608696,8.47,71.6,12.941666666666666,4.2716666666666665,1.4766666666666666
220,2012-05-01,10.71935483870968,3.774193548387097,1.4967741935483874,2.4516129032258065,7.909677419354838,0.0,4.904838709677419,11.025806451612905,1009.67,14.577419354838709,69.58064516129032,19.991935483870968,8.719354838709677,6.245161290322581
221,2012-06-01,11.453333333333337,3.53,2.9466666666666668,3.2,6.058333333333334,0.0,5.779999999999999,13.4,1006.8733333333332,15.38,75.33333333333333,20.376666666666665,10.675,8.826666666666666
222,2012-07-01,10.838709677419354,3.4741935483870967,3.225806451612903,2.838709677419355,6.661290322580645,0.0,5.124942396313363,14.974193548387095,1008.4129032258064,17.4741935483871,77.12903225806451,22.380645161290325,13.161290322580644,11.04516129032258
223,2012-08-01,9.94516129032258,2.954838709677419,1.7933333333333332,2.3225806451612905,7.577419354838709,0.0,4.703225806451613,15.158064516129032,1010.0962962962964,18.53103448275862,73.06451612903226,24.538709677419355,13.109677419354838,10.725806451612904
224,2012-09-01,10.53,3.185714285714286,1.76,2.2666666666666666,5.869999999999999,0.0,5.216666666666667,12.313333333333333,1008.782142857143,14.286666666666669,77.64285714285714,19.16,8.891666666666666,6.8
225,2012-10-01,9.961290322580645,2.97,2.106451612903226,2.7096774193548385,3.8193548387096774,0.0,5.4887096774193544,9.929032258064517,1005.967741935484,9.574193548387097,82.83870967741936,13.593548387096774,5.620967741935484,3.3451612903225807
226,2012-11-01,9.47,3.4,1.99,2.6666666666666665,1.5133333333333336,0.0,6.295,8.2,1005.42,5.9,88.4,8.286666666666667,3.2249999999999996,1.586666666666667
227,2012-12-01,10.470967741935484,4.0,3.019354838709677,3.870967741935484,1.196774193548387,1.5483870967741935,6.614516129032258,6.470967741935484,1003.7944444444444,1.8387096774193548,88.46666666666667,4.601612903225806,-0.6064516129032259,-2.0806451612903225
228,2013-01-01,9.941935483870967,4.077419354838709,1.5612903225806452,3.612903225806452,0.6919354838709677,2.1399769585253456,6.935483870967742,5.974193548387096,1005.84,0.7838709677419357,87.58064516129032,2.7290322580645165,-1.1709677419354838,-2.361290322580645
229,2013-02-01,9.492857142857144,3.7607142857142857,1.5678571428571428,3.4285714285714284,1.2321428571428572,1.6071428571428572,6.742857142857143,5.421428571428572,1009.6964285714286,0.2214285714285714,85.57142857142857,2.2017857142857142,-1.8767857142857143,-3.407142857142857
230,2013-03-01,10.087096774193547,4.441935483870967,1.0161290322580645,2.7096774193548385,4.156451612903226,0.910394265232975,5.738112305854242,5.061290322580645,1005.4423076923076,0.7290322580645161,76.3225806451613,4.275806451612903,-2.367741935483871,-3.609677419354839
231,2013-04-01,10.663333333333332,3.6566666666666654,1.163333333333333,2.2666666666666666,4.9350000000000005,0.0,5.690862068965517,8.06,1009.6689655172414,8.723333333333333,69.63333333333334,13.25333333333333,4.05,2.013333333333333
232,2013-05-01,10.33548387096774,3.393548387096774,4.235483870967743,3.4838709677419355,4.983870967741936,0.0,6.115833333333333,10.883870967741936,1003.725,12.14516129032258,79.19354838709677,16.57741935483871,7.879032258064516,5.958064516129032
233,2013-06-01,10.726666666666668,3.43,2.306666666666666,2.1333333333333333,6.983333333333333,0.0,5.306666666666667,13.283333333333331,1010.29,15.913333333333334,74.43333333333334,20.935,10.918333333333335,8.883333333333333
234,2013-07-01,9.851612903225806,2.9516129032258065,1.332258064516129,1.4193548387096775,9.46290322580645,0.0,4.270967741935484,15.474193548387095,1012.9322580645162,19.46451612903226,71.80645161290323,25.67741935483871,13.648387096774194,11.67741935483871
235,2013-08-01,9.674193548387096,3.0806451612903225,1.6516129032258065,2.193548387096774,7.2709677419354835,0.0,4.601612903225806,14.703703703703704,1011.5935483870968,18.532258064516128,71.96774193548387,24.066129032258065,12.704838709677418,10.451612903225806
236,2013-09-01,9.316666666666666,2.96,2.7266666666666666,2.6666666666666665,4.361666666666666,0.0,5.490714285714286,12.76923076923077,1008.6071428571428,13.616666666666667,81.21428571428571,17.994999999999997,9.785,7.739999999999999
237,2013-10-01,9.8,3.351612903225807,2.541935483870968,2.838709677419355,3.57258064516129,0.0,5.377419354838709,11.158064516129032,1008.9548387096772,11.432258064516128,83.41935483870968,15.014516129032257,7.435483870967742,5.65483870967742
238,2013-11-01,9.52,3.496666666666667,2.646666666666667,3.066666666666667,1.6883333333333335,0.0,6.087407407407408,8.04,1006.85,5.510000000000001,88.0,7.953333333333333,2.6716666666666664,1.1133333333333333
239,2013-12-01,10.003225806451614,3.780645161290322,1.6290322580645162,2.5806451612903225,1.625806451612903,0.032258064516129,6.124193548387097,7.209677419354839,1011.3892857142856,4.370967741935484,85.41935483870968,6.824193548387097,1.4612903225806453,0.0580645161290322
240,2014-01-01,10.358064516129032,4.109677419354839,1.4483870967741934,3.225806451612903,1.5403225806451615,0.14516129032258063,6.367741935483871,6.483870967741935,1003.4387096774192,2.1451612903225805,87.38709677419355,4.835483870967742,-0.16935483870967752,-1.532258064516129
241,2014-02-01,10.932142857142855,3.4,1.207142857142857,3.142857142857143,3.3321428571428573,0.0714285714285714,5.558928571428571,6.992857142857143,1000.5142857142856,5.25,79.14285714285714,8.658928571428572,1.5267857142857144,-0.7964285714285715
242,2014-03-01,9.325806451612904,2.980645161290323,0.5645161290322581,1.5483870967741935,6.098387096774193,0.0,4.459677419354838,7.409677419354838,1010.4,7.487096774193549,72.0,13.311290322580644,2.2451612903225806,-0.896774193548387
243,2014-04-01,10.686666666666667,3.65,1.4166666666666667,2.8,6.213333333333333,0.0,5.135,9.71,1008.1433333333332,11.78,74.03333333333333,17.04,5.876666666666667,3.1533333333333333
244,2014-05-01,11.516129032258064,3.864516129032258,2.670967741935484,2.7096774193548385,6.140322580645162,0.0,5.370967741935484,10.964516129032257,1008.6516129032258,12.680645161290323,76.03225806451613,17.653225806451616,7.880645161290323,5.554838709677419
245,2014-06-01,10.52,3.37,1.47,2.2,7.470000000000001,0.0,5.128333333333334,12.63,1010.3733333333332,16.026666666666667,71.66666666666667,22.17,10.74,7.989999999999999
246,2014-07-01,10.438709677419356,3.2225806451612904,4.519354838709678,2.7096774193548385,7.709677419354838,0.0,5.137096774193548,16.429032258064517,1007.4612903225806,19.796774193548387,75.83870967741936,24.903225806451616,14.761290322580646,12.770967741935484
247,2014-08-01,10.761538461538462,3.0,3.045161290322581,3.4838709677419355,6.169354838709678,0.0,5.430645161290323,14.258064516129032,1005.9233333333334,16.451612903225808,75.87096774193549,21.44838709677419,11.835483870967742,10.174193548387096
248,2014-09-01,9.17,3.313333333333333,1.28,2.1333333333333333,5.288333333333333,0.0,4.868793103448276,14.64,1012.23,15.46,83.06666666666666,20.301666666666666,11.158333333333331,8.97
249,2014-10-01,7.996774193548387,2.7516129032258063,1.9483870967741928,2.5806451612903225,3.295161290322581,0.0,5.730645161290322,12.796666666666663,1009.4266666666666,12.71935483870968,85.7741935483871,16.329032258064515,8.917741935483871,6.95483870967742
250,2014-11-01,8.24,3.253333333333333,1.1766666666666663,2.4,1.9083333333333334,0.0,6.351666666666667,9.14,1007.2866666666666,7.1,89.03703703703704,9.531666666666666,4.816666666666666,2.97
251,2014-12-01,11.432258064516128,4.293548387096774,2.564516129032258,3.225806451612903,0.8999999999999999,0.328494623655914,6.720967741935484,7.135483870967742,1009.9322580645162,3.293548387096774,87.35483870967742,5.324193548387097,0.8129032258064516,-0.2387096774193548
252,2015-01-01,12.416129032258064,4.409677419354838,2.6516129032258067,3.4838709677419355,1.0935483870967744,0.25806451612903225,6.527598566308244,6.548387096774194,1006.283870967742,3.064516129032258,86.12903225806451,5.203225806451613,0.5758064516129032,-1.0516129032258066
253,2015-02-01,9.810714285714283,3.557142857142857,0.95,2.4285714285714284,3.446428571428571,0.24999999999999994,5.435989010989011,5.65,1010.0464285714286,1.7285714285714284,83.82142857142857,4.707142857142857,-1.4892857142857143,-3.439285714285714
254,2015-03-01,11.770967741935484,4.245161290322581,1.532258064516129,2.193548387096774,4.683870967741935,0.0,5.453225806451613,6.82258064516129,1012.84,5.883870967741935,75.26666666666667,10.320967741935487,1.2806451612903227,-1.135483870967742
255,2015-04-01,11.73,4.113333333333333,1.1033333333333333,2.0,7.481666666666667,0.0,4.448333333333334,7.443333333333333,1012.8766666666668,8.96,68.53333333333333,14.793333333333333,2.6416666666666666,-0.1499999999999999
256,2015-05-01,11.516129032258064,3.55483870967742,1.2322580645161292,2.193548387096774,6.283870967741935,0.0,5.58590831918506,9.73225806451613,1008.9612903225806,12.525806451612905,69.85185185185185,18.124193548387098,6.870967741935484,4.212903225806452
257,2015-06-01,10.286666666666669,3.414285714285714,1.63,2.0,6.984999999999999,0.0,5.218333333333334,12.356666666666666,1012.3655172413792,15.916666666666666,69.4,21.76833333333333,10.221666666666668,8.796666666666665
258,2015-07-01,12.219354838709677,3.7548387096774194,2.332258064516129,2.7096774193548385,7.411290322580645,0.0,4.82258064516129,14.858064516129032,1007.9193548387096,19.07741935483871,70.0,25.788709677419355,13.85,11.387096774193548
259,2015-08-01,9.83548387096774,3.1403225806451616,2.180645161290323,2.064516129032258,7.679032258064516,0.0,4.604838709677419,15.858064516129032,1009.9612903225806,19.361290322580647,73.0,25.85322580645161,13.890322580645162,12.048387096774194
260,2015-09-01,10.373333333333335,3.2199999999999998,2.256666666666667,2.4,5.1899999999999995,0.0,4.87080459770115,12.283333333333331,1011.2766666666666,13.416666666666666,80.66666666666667,17.861666666666665,9.153333333333334,6.71
261,2015-10-01,8.063546798029556,3.005788177339902,1.4483870967741934,2.064516129032258,3.6822580645161294,0.0,5.962903225806452,9.886666666666668,1013.84,9.038709677419355,86.12903225806451,12.708064516129035,5.4467741935483875,3.2
262,2015-11-01,11.558333333333334,4.091666666666667,2.9633333333333334,3.066666666666667,2.078333333333333,0.01666666666666665,6.19051282051282,9.333333333333334,1008.13,8.063333333333334,85.39285714285714,11.188333333333333,4.851666666666667,2.93
263,2015-12-01,11.187096774193549,4.1000000000000005,1.0032258064516129,2.4516129032258065,2.3193548387096774,0.0,6.2629032258064505,8.725806451612904,1016.8096774193548,7.54516129032258,83.16129032258064,10.058064516129033,4.312903225806451,2.196774193548387
264,2016-01-01,11.038709677419355,3.659677419354839,2.06774193548387,3.4838709677419355,1.567741935483871,0.564516129032258,6.412158808933003,6.190322580645161,1005.5709677419356,0.9580645161290322,87.41935483870968,4.02741935483871,-1.4387096774193548,-2.267741935483871
265,2016-02-01,12.303448275862069,4.567241379310345,2.641379310344828,3.034482758620689,2.1551724137931036,0.05172413793103445,6.051724137931035,6.744827586206896,1003.2724137931036,3.972413793103448,82.48275862068965,6.787931034482758,1.2103448275862068,-0.6758620689655173
266,2016-03-01,10.56774193548387,3.459677419354839,1.364516129032258,2.5806451612903225,3.193548387096774,0.04838709677419355,5.648387096774194,6.712903225806452,1008.583870967742,4.67741935483871,79.09677419354838,8.298387096774192,0.9274193548387097,-1.332258064516129
267,2016-04-01,10.964999999999998,3.6966666666666663,1.8766666666666665,2.6666666666666665,5.525,0.0,5.451666666666666,7.89,1006.03,8.29,74.2,13.469999999999999,3.843333333333333,1.2899999999999998
268,2016-05-01,10.96774193548387,3.8677419354838705,2.158064516129032,2.064516129032258,7.129032258064516,0.0,4.934206989247312,11.13548387096774,1008.2645161290322,14.406451612903227,70.54838709677419,19.425806451612903,8.87741935483871,6.441935483870967
269,2016-06-01,10.043333333333333,3.158333333333333,3.8733333333333335,2.933333333333333,6.0600000000000005,0.0,5.32702380952381,15.033333333333331,1007.34,17.290000000000003,79.1,22.306666666666665,12.648333333333333,11.03
270,2016-07-01,10.812903225806451,3.346774193548387,1.8225806451612905,2.4516129032258065,6.422580645161291,0.0,5.708064516129032,16.04516129032258,1010.0967741935484,19.032258064516128,73.06451612903226,24.053225806451614,13.919354838709678,12.22258064516129
271,2016-08-01,10.320967741935485,3.2064516129032263,1.367741935483871,2.193548387096774,6.819354838709677,0.0,4.546129032258065,15.048387096774194,1012.3516129032258,17.980645161290322,72.93548387096774,23.940322580645162,12.414516129032258,10.158064516129032
272,2016-09-01,9.081666666666667,2.9699999999999998,0.9766666666666666,1.2,7.218333333333334,0.0,4.007619047619048,14.063333333333333,1012.2333333333332,17.473333333333336,73.66666666666667,23.465,11.655,8.753333333333334
273,2016-10-01,8.761290322580646,3.304838709677419,1.7032258064516128,2.5806451612903225,2.264516129032258,0.0,6.538709677419355,10.03225806451613,1015.4354838709676,9.077419354838709,86.35483870967742,12.219354838709677,5.708064516129033,3.858064516129032
274,2016-11-01,8.921666666666667,3.2283333333333335,1.86,2.8,2.0816666666666666,0.037037037037037,5.8025925925925925,7.35,1009.1233333333332,4.253333333333333,86.3,7.448333333333332,1.2149999999999999,-0.55
275,2016-12-01,10.551612903225806,3.835483870967742,0.7741935483870968,2.3225806451612905,1.632258064516129,0.0,6.306451612903226,6.712903225806452,1021.2387096774194,2.467741935483871,89.09677419354838,5.04516129032258,-0.432258064516129,-1.7419354838709675
276,2017-01-01,9.096774193548388,3.4370967741935483,1.1903225806451612,2.4516129032258065,2.1274193548387097,1.6026881720430106,6.106451612903225,4.84516129032258,1015.8193548387096,-1.2129032258064516,84.45161290322581,1.2774193548387096,-4.130645161290323,-5.025806451612904
277,2017-02-01,10.830357142857142,4.026785714285714,2.046428571428572,2.857142857142857,2.4642857142857144,0.0357142857142857,6.310714285714286,6.539285714285714,1010.4964285714286,2.753571428571429,80.75,6.171428571428572,0.4303571428571429,-1.2428571428571429
278,2017-03-01,11.274193548387096,3.8516129032258064,1.5774193548387097,1.806451612903225,5.037096774193548,0.0,5.914861751152074,7.66774193548387,1009.574193548387,7.27741935483871,72.83870967741936,12.480645161290322,3.1693548387096775,0.4032258064516129
279,2017-04-01,12.191666666666666,4.4383333333333335,0.86,2.1333333333333333,5.198333333333333,0.0,5.465,7.439999999999999,1012.06,8.106666666666666,70.0,13.083333333333332,2.986666666666667,0.4799999999999999
280,2017-05-01,10.837096774193549,3.8354838709677423,1.5419354838709676,2.064516129032258,7.051612903225807,0.0,5.7935483870967746,11.66451612903226,1011.1774193548388,14.980645161290322,71.45161290322581,20.506451612903227,9.001612903225805,6.496774193548387
281,2017-06-01,11.808333333333334,3.8949999999999996,2.8033333333333337,2.1333333333333333,7.601666666666667,0.0,5.5280000000000005,14.289285714285716,1007.3733333333332,18.48333333333333,68.36,24.153333333333332,12.628333333333334,10.46
282,2017-07-01,10.738709677419354,3.3354838709677423,3.85483870967742,2.967741935483871,6.6,0.0,6.013709677419355,15.580645161290322,1007.5935483870968,18.34193548387097,74.25806451612904,23.824193548387093,13.566129032258065,11.696774193548388
283,2017-08-01,10.35483870967742,3.1032258064516127,2.329032258064516,2.7096774193548385,6.966129032258065,0.0,5.52741935483871,15.587096774193547,1010.3451612903226,17.79032258064516,75.35483870967742,23.383870967741935,13.022580645161291,11.412903225806453
284,2017-09-01,9.57,3.1983333333333333,2.33,3.333333333333333,4.225,0.0,6.033214285714285,12.286666666666669,1008.0333333333332,13.546666666666663,81.58620689655173,18.08166666666667,9.291666666666666,6.973333333333333
285,2017-10-01,11.293548387096774,4.008064516129032,2.212903225806452,3.225806451612903,3.0064516129032253,0.0,5.7935483870967746,11.46774193548387,1009.9645161290324,11.577419354838709,83.2258064516129,15.245161290322581,8.056451612903226,6.296774193548386
286,2017-11-01,9.651666666666666,3.545,3.003333333333333,3.2,1.43,0.0,6.350747126436781,8.07,1006.99,5.886666666666667,86.63333333333334,8.516666666666666,2.798333333333333,0.9733333333333332
287,2017-12-01,11.580645161290322,4.24516129032258,2.487096774193548,3.612903225806452,0.904115684093437,0.20967741935483863,7.038709677419355,6.851612903225806,1004.8483870967742,3.612903225806452,87.09677419354838,5.612903225806452,1.3483870967741938,-0.0193548387096773
288,2018-01-01,12.079032258064519,4.474193548387096,3.4483870967741934,3.466666666666667,1.0564516129032258,0.0161290322580645,6.738709677419355,7.212903225806452,1005.3225806451612,3.787096774193548,85.51612903225806,6.048387096774194,2.067741935483871,0.9161290322580644
289,2018-02-01,9.505357142857143,3.373214285714286,0.5785714285714285,2.142857142857143,4.603571428571429,0.2362637362637362,5.032142857142857,4.482142857142857,1012.9321428571428,-1.1357142857142857,76.28571428571429,2.4196428571428577,-4.126785714285715,-6.253571428571428
290,2018-03-01,10.506451612903227,4.154838709677419,1.467741935483871,3.225806451612903,3.804838709677419,0.2486095661846496,5.898387096774194,6.190322580645161,1000.1096774193549,2.5129032258064514,77.51612903225806,6.769354838709678,-0.8725806451612904,-2.496774193548388
291,2018-04-01,11.735,3.918333333333333,1.2033333333333334,2.533333333333333,7.688333333333333,0.0,5.232083333333334,9.883333333333333,1006.2466666666668,12.786666666666669,68.76666666666667,18.898333333333333,6.46,3.16
292,2018-05-01,10.706451612903226,3.6513739545997614,1.4516129032258065,1.6774193548387095,9.538709677419355,0.0,3.758431085043988,12.312903225806451,1011.4290322580644,16.416129032258063,68.25806451612904,22.39032258064516,9.979032258064516,7.238709677419355
293,2018-06-01,10.260925925925928,3.564761904761905,1.2833333333333334,1.8666666666666667,7.451666666666666,0.0,5.130344827586207,14.003333333333334,1010.9766666666668,17.816666666666666,71.96666666666667,23.276666666666664,12.675,10.633333333333333
294,2018-07-01,9.940322580645162,3.2709677419354843,1.2645161290322582,1.4193548387096775,10.08225806451613,0.0,3.8306451612903225,14.283870967741937,1009.667741935484,20.77741935483871,61.29032258064516,27.37903225806452,13.924193548387098,11.093548387096773
295,2018-08-01,10.588655913978496,3.215092165898618,1.2419354838709675,1.935483870967742,7.833870967741936,0.0,4.904310344827586,14.464516129032257,1010.0833333333334,19.83225806451613,64.45161290322581,26.45645161290323,14.014516129032259,10.819354838709677
296,2018-09-01,10.399230769230769,3.191,1.27,1.8666666666666667,6.726666666666667,0.0,4.814166666666666,12.006666666666666,1014.03,15.536666666666669,71.6,21.68333333333333,9.588333333333335,6.8533333333333335
297,2018-10-01,10.566129032258063,3.6419354838709674,0.9387096774193548,1.935483870967742,5.119354838709677,0.0,5.051182795698924,10.25483870967742,1010.9645161290324,11.43225806451613,76.87096774193549,16.64032258064516,6.453225806451613,3.741935483870968
298,2018-11-01,8.721666666666668,3.211666666666667,0.6916666666666667,2.5,2.533333333333333,0.0,6.0840476190476185,7.975,1012.87,5.766666666666667,84.88333333333333,8.936666666666667,2.853333333333333,0.385
299,2018-12-01,11.253225806451614,4.172580645161291,2.795161290322581,4.419354838709678,0.8,0.0,7.148387096774194,7.532258064516129,1010.7129032258064,4.601612903225806,87.0,6.651612903225806,2.261290322580645,1.2419354838709677
300,2019-01-01,11.416129032258064,4.443548387096774,2.006451612903226,4.451612903225806,1.4193548387096775,0.2580645161290322,6.608064516129033,5.870967741935484,1005.3483870967742,1.6451612903225805,84.24193548387098,3.574193548387097,-1.074193548387097,-2.5080645161290325
301,2019-02-01,9.766071428571427,3.719642857142857,1.0053571428571428,2.321428571428571,4.1,0.0714285714285714,5.233928571428572,6.169642857142858,1015.032142857143,5.074999999999999,73.9366883116883,9.471428571428572,0.9071428571428573,-2.2089285714285714
302,2019-03-01,14.161290322580644,4.746428571428572,2.0612903225806454,3.258064516129032,3.6806451612903226,0.0,5.99071190211346,7.453225806451613,1007.9774193548388,7.2854838709677425,74.5,11.21935483870968,3.0580645161290323,0.8629032258064517
303,2019-04-01,11.351666666666668,4.238333333333333,0.95,2.05,8.326666666666666,0.0,4.156333333333333,7.691666666666666,1010.7866666666666,9.983333333333334,67.13333333333333,15.543333333333331,4.086666666666667,1.4016666666666668
304,2019-05-01,11.151612903225805,3.979032258064516,2.1978110599078344,3.032258064516129,6.209677419354839,0.0,5.880645161290323,9.858064516129033,1008.1129032258063,11.335483870967742,72.74193548387098,16.261290322580646,6.206451612903226,3.9629032258064516
305,2019-06-01,11.140747126436782,3.4625,1.6016666666666666,1.9,9.903333333333334,0.0,4.2283333333333335,14.828333333333333,1010.1533333333332,19.763333333333335,66.36666666666667,25.84,13.71,11.016666666666667
306,2019-07-01,11.091935483870968,3.8419354838709676,1.5,2.258064516129032,7.4,0.0,5.242956989247311,14.07741935483871,1008.6258064516128,19.145161290322584,65.09677419354838,25.41935483870968,13.696774193548388,11.646774193548385
307,2019-08-01,9.810426267281109,2.741816009557945,1.6838709677419352,2.67741935483871,7.451612903225806,0.0,4.90136476426799,15.195161290322579,1009.3354838709678,19.60967741935484,70.48387096774194,25.40322580645161,14.041935483870969,11.409677419354837
308,2019-09-01,10.821428571428571,3.4375,1.8233333333333328,3.0,5.6033333333333335,0.0,5.210666666666667,12.209999999999999,1011.0133333333334,14.645,73.65,19.836666666666662,9.86,7.138333333333334
309,2019-10-01,10.043548387096774,3.2064516129032254,2.8854838709677417,2.806451612903226,3.5161290322580645,0.0,5.83754171301446,11.383870967741935,1007.0129032258066,11.530645161290323,83.24193548387098,14.983870967741936,7.683870967741935,5.925806451612903
310,2019-11-01,9.084999999999999,3.1883333333333335,1.9749999999999996,3.666666666666667,1.6133333333333333,0.0,6.6466666666666665,8.368333333333332,998.4733333333334,5.885,88.92068965517241,8.45,2.8800000000000003,1.345
311,2019-12-01,10.416129032258064,3.532258064516129,1.7112903225806453,3.419354838709677,1.8,0.0,6.251612903225807,7.240322580645161,1005.0354838709676,4.4967741935483865,84.93548387096774,6.912903225806452,1.7677419354838708,-0.3967741935483871
312,2020-01-01,10.426651305683563,3.8706451612903225,1.179032258064516,3.5483870967741935,1.7258064516129032,0.0,6.287096774193548,7.159677419354839,1014.3387096774194,4.441935483870967,86.16129032258064,6.941935483870967,1.006451612903226,-0.9048387096774193
313,2020-02-01,15.46896551724138,5.608620689655172,3.532758620689655,4.137931034482758,2.117241379310345,0.0344827586206896,6.565517241379311,7.312068965517241,1003.5344827586208,5.934482758620689,77.34482758620689,8.951724137931036,2.931034482758621,1.4172413793103449
314,2020-03-01,11.941935483870967,4.314516129032258,1.5306451612903225,2.806451612903226,5.619354838709678,0.0,4.633870967741935,6.324193548387097,1011.1645161290322,6.006451612903225,68.33870967741936,10.248387096774191,1.5032258064516129,-1.5774193548387094
315,2020-04-01,10.844999999999999,3.8216666666666663,0.45999999999999996,1.1,9.696666666666664,0.0,3.4683333333333333,7.1033333333333335,1012.0833333333334,10.683333333333334,56.06666666666666,17.833333333333332,4.17,0.22999999999999998
316,2020-05-01,10.94677419354839,3.7129032258064516,1.061290322580645,2.129032258064516,7.696774193548387,0.0,4.835483870967742,9.106451612903228,1012.8107142857144,12.395218894009215,64.29032258064515,18.26774193548387,6.425806451612903,3.258064516129032
317,2020-06-01,10.671666666666667,3.4800000000000004,2.4883333333333333,2.7333333333333334,7.15,0.0,5.443666666666667,13.665,1006.4153846153846,17.61,70.03333333333333,22.94,12.12,9.825
318,2020-07-01,10.593548387096774,3.338709677419355,1.464516129032258,2.806451612903226,7.161290322580645,0.0,5.314458525345621,13.396774193548387,1009.467741935484,17.398387096774194,67.61290322580646,24.37741935483871,12.541935483870969,10.106451612903225
319,2020-08-01,9.704838709677418,2.9419354838709673,2.42741935483871,2.4838709677419355,7.245161290322581,0.0,5.0,15.483870967741936,1006.9225806451612,20.685483870967744,66.37096774193549,26.467741935483872,15.087096774193547,12.520967741935484
320,2020-09-01,9.091666666666665,2.663333333333333,1.4683333333333333,2.033333333333333,6.616666666666666,0.0,4.477962962962963,12.5,1010.11,15.238333333333333,73.35,21.41333333333333,9.756666666666666,7.375
321,2020-10-01,10.372580645161293,3.454838709677419,2.3161290322580648,3.838709677419355,2.429032258064516,0.0,6.433870967741935,10.890322580645162,1004.3741935483872,11.201612903225808,83.58064516129032,14.329032258064515,7.854838709677419,5.879032258064516
322,2020-11-01,8.988809523809525,3.275357142857143,0.6116666666666668,2.5666666666666664,2.4633333333333334,0.0,6.028333333333333,8.703333333333333,1015.8833333333332,7.008333333333333,85.51666666666667,10.016666666666667,3.4266666666666667,1.5733333333333333
323,2020-12-01,9.60483870967742,3.3419354838709676,2.038709677419355,3.532258064516129,0.8483870967741935,0.0,7.103225806451613,7.166129032258064,1001.467741935484,3.6354838709677417,88.74193548387098,5.787096774193548,1.264516129032258,-0.28225806451612906
324,2021-01-01,9.975806451612904,3.656451612903226,2.175806451612903,4.64516129032258,1.0741935483870966,0.967741935483871,7.082512733446519,5.922580645161291,1003.4580645161292,1.3419354838709678,86.32258064516128,3.2516129032258063,-0.6419354838709677,-2.009677419354839
325,2021-02-01,9.885714285714286,3.6978174603174603,1.4732142857142858,3.053571428571429,3.3000000000000003,1.8571428571428568,5.928571428571429,6.117857142857143,1013.2964285714286,1.939285714285714,78.85714285714286,5.682142857142857,-2.071428571428572,-3.3232142857142857
326,2021-03-01,11.098387096774193,3.7419354838709675,1.4258064516129032,2.935483870967742,4.619354838709677,0.0,5.493548387096775,6.422580645161291,1013.5096774193548,5.57741935483871,73.8736559139785,10.316129032258065,0.9741935483870968,-1.8451612903225802
327,2021-04-01,11.885,4.326666666666666,1.02,3.2333333333333334,6.616666666666666,0.0,5.016666666666667,6.493333333333333,1011.4666666666668,6.573333333333333,70.03333333333333,11.92,1.5,-1.1583333333333332
328,2021-05-01,12.785483870967743,4.091935483870968,2.806451612903226,3.7741935483870965,5.629032258064516,0.0,6.1997311827956985,9.570967741935483,1004.4354838709676,11.319354838709678,72.66129032258064,15.896774193548389,6.483870967741935,4.606451612903225
329,2021-06-01,9.742222222222221,2.965,2.52,2.4333333333333336,8.4,0.0,5.056666666666667,15.047298850574713,1010.9933333333332,19.273333333333333,71.03333333333333,24.80333333333333,13.623333333333331,11.520000000000003
330,2021-07-01,10.106785714285714,3.1229064039408865,3.2758064516129037,3.2903225806451615,6.751612903225807,0.0,5.467741935483871,16.219354838709677,1007.9064516129032,19.053225806451614,75.87096774193549,23.8483870967742,14.016129032258064,12.456451612903226
331,2021-08-01,10.336075268817206,3.363225806451613,2.6,3.5161290322580645,5.21074193548387,0.0,5.956451612903226,14.86774193548387,1008.4967741935484,16.988709677419354,78.5,21.17419354838709,12.64516129032258,10.74032258064516
332,2021-09-01,9.021666666666667,3.0641379310344825,1.0900574712643678,2.3,5.203333333333333,0.0,5.333958333333333,14.173333333333332,1012.8821428571428,15.795,78.1,20.82,11.093333333333334,9.071666666666665
333,2021-10-01,9.333803763440862,3.1016801075268816,1.867741935483871,2.935483870967742,4.235483870967743,0.0,5.617964404894327,10.258120133481647,1010.7548387096774,10.522580645161291,82.11290322580645,14.638709677419357,5.851612903225806,3.3532258064516127
334,2021-11-01,9.147857142857143,3.4328571428571433,1.75,3.8666666666666667,1.2866666666666666,0.0,6.77,7.861666666666667,1008.1333333333332,5.3133333333333335,88.4,7.633333333333334,2.7266666666666666,1.2916666666666667
335,2021-12-01,9.346666666666666,3.4838709677419355,1.9580645161290324,3.7096774193548385,1.2322580645161292,0.032258064516129,6.582258064516129,7.166740823136819,1007.1258064516128,3.0370967741935484,88.95161290322581,5.15483870967742,0.2612903225806452,-0.9274193548387096
336,2022-01-01,12.45483870967742,4.496774193548387,1.5774193548387097,3.790322580645161,1.6677419354838707,0.0,6.606451612903226,6.675806451612903,1013.941935483871,3.2693548387096776,85.56451612903226,5.580645161290323,0.8870967741935484,-0.3951612903225806
337,2022-02-01,16.15357142857143,6.039285714285714,2.944642857142857,3.25,2.939285714285714,0.0,6.117857142857143,6.9,1006.5107142857142,5.191071428571428,77.33928571428571,8.564285714285715,1.8785714285714288,-0.1696428571428571
338,2022-03-01,9.074193548387097,3.2870967741935484,0.6209677419354839,1.2096774193548387,7.564516129032258,0.0,3.4129032258064513,5.530645161290322,1019.583870967742,5.67258064516129,61.596774193548384,11.764516129032256,0.1709677419354839,-3.161290322580645
339,2022-04-01,11.543333333333331,4.183333333333334,2.1133333333333333,2.433333333333333,6.638333333333334,0.0333333333333333,5.549615384615385,7.3533333333333335,1008.3966666666668,8.516666666666666,67.56666666666666,13.4,3.6633333333333336,0.7216666666666667
340,2022-05-01,10.970967741935484,3.5612903225806454,1.3806451612903226,2.4838709677419355,7.887096774193548,0.0,5.356451612903226,10.958064516129031,1011.1483870967742,14.86451612903226,66.545,21.083870967741937,8.429032258064517,5.4967741935483865
341,2022-06-01,10.07,3.203333333333333,1.7616666666666667,2.466666666666667,9.273333333333332,0.0,4.661666666666667,13.668333333333331,1009.74,18.47,64.94967948717948,24.94333333333333,12.303333333333336,9.491666666666667
342,2022-07-01,10.837096774193547,3.7112903225806453,1.132258064516129,2.0,8.341935483870968,0.0,4.859677419354838,13.062903225806451,1012.9967741935484,19.10645161290323,62.16129032258064,26.15806451612903,13.270967741935484,10.462903225806452
343,2022-08-01,9.551612903225806,2.8900862068965516,1.1338709677419356,1.6451612903225805,8.63225806451613,0.0,4.414800759013283,14.725806451612904,1011.0392857142856,20.94677419354839,64.40322580645162,27.806451612903224,14.803225806451612,12.396774193548387
344,2022-09-01,9.54642857142857,3.218,3.4433333333333334,3.2666666666666666,5.28,0.0,5.73,12.076666666666668,1005.95,13.98,77.60357142857143,18.796666666666667,9.63,7.525
345,2022-10-01,9.343548387096774,3.245161290322581,1.6822580645161291,3.258064516129032,4.751612903225807,0.0,5.825806451612903,12.470967741935484,1011.616129032258,12.90967741935484,84.09677419354838,18.009677419354837,8.325806451612904,6.325806451612904
346,2022-11-01,9.52,3.7100000000000004,1.4533333333333334,3.2,2.2350000000000003,0.0,6.507142857142857,8.736666666666668,1007.8433333333334,6.703333333333333,85.83333333333333,9.923333333333336,4.035,2.5166666666666666
347,2022-12-01,9.209677419354838,3.4983870967741937,1.825806451612904,4.548387096774194,1.4193548387096775,0.46774193548387094,6.629032258064516,6.66774193548387,1007.048387096774,2.303225806451613,87.7741935483871,4.769354838709678,-0.30322580645161284,-1.729032258064516
348,2023-01-01,13.258064516129032,5.264516129032257,2.414516129032258,4.225806451612903,1.2000000000000002,0.5483870967741935,6.969354838709677,7.203225806451613,1008.1983870967742,4.498387096774193,84.2258064516129,6.303225806451613,1.883870967741936,0.6499999999999999
349,2023-02-01,11.49642857142857,4.167857142857143,1.467857142857143,3.071428571428571,2.825,0.0,6.067857142857143,6.7,1018.4410714285714,3.830357142857143,81.16071428571428,7.042857142857143,0.4107142857142857,-1.1071428571428572
350,2023-03-01,13.019354838709678,4.554838709677419,2.925806451612903,4.419354838709677,3.47741935483871,0.0967741935483871,6.590322580645162,7.4564516129032254,1002.750723025584,6.1161290322580655,76.74193548387098,10.235483870967744,2.7161290322580647,0.9596774193548387
351,2023-04-01,11.57,4.3533333333333335,1.8633333333333333,3.3,5.113333333333333,0.0,5.742298850574713,8.001666666666665,1010.8876108374385,8.228333333333333,73.16666666666667,12.566666666666666,3.41,0.9133333333333332
352,2023-05-01,10.86774193548387,3.9064516129032256,0.9774193548387097,1.6774193548387095,8.241935483870968,0.0,5.535483870967742,10.235483870967741,1014.7395161290323,13.690322580645162,68.18838709677419,19.6,7.674193548387097,5.046774193548387
353,2023-06-01,10.696666666666664,3.283333333333333,1.5716666666666668,1.6,10.540633333333334,0.0,4.559659090909091,13.121666666666666,1011.3330000000001,19.351666666666667,62.51566666666666,25.48,12.796666666666663,9.93
354,2023-07-01,13.05,4.038709677419355,2.903225806451613,3.311827956989247,7.447387096774194,0.0,5.422177419354838,14.26290322580645,1005.7551612903226,18.524193548387096,69.42032258064516,24.293548387096774,13.358064516129032,11.324193548387097
355,2023-08-01,11.09032258064516,3.270967741935484,3.1358560794044665,3.4516129032258065,6.235516129032257,0.0,5.706451612903226,16.545161290322582,1006.7970011947432,18.08870967741936,79.13677419354839,23.43548387096774,14.312903225806451,12.62741935483871
356,2023-09-01,9.396666666666668,3.1633333333333336,0.8629310344827585,1.6666666666666667,8.173866666666667,0.0,4.1700877192982455,15.11,1011.508,17.98833333333333,75.68766666666667,24.19,12.336666666666668,9.739999999999998
357,2023-10-01,11.383870967741936,4.190322580645161,3.6870967741935483,3.32258064516129,2.825903225806452,0.0,6.759677419354839,11.795161290322579,1003.7964516129032,12.35483870967742,82.65451612903226,16.61935483870968,8.35483870967742,6.717741935483871
358,2023-11-01,11.916666666666666,4.569999999999999,4.006666666666666,4.783333333333333,1.4683333333333333,0.2592592592592592,6.876862745098039,8.26,998.4366666666667,6.095000000000001,85.90633333333334,8.66,3.1966666666666668,1.5366666666666666
359,2023-12-01,12.593548387096773,4.829032258064516,3.543655913978495,4.548387096774194,0.775016129032258,0.8709677419354839,7.212903225806452,7.564516129032258,1004.4477419354839,4.530645161290322,86.2967741935484,6.290322580645161,2.2516129032258063,1.0693548387096774
