Datum,STATIONS_ID,QN_3,FX,FM,QN_4,RSK,RSKF,SDK,SHK_TAG,NM,VPM,PM,TMK,UPM,TXK,TNK,TGK,eor
1950-01,3939.0,,,,5.0,1.303225806451613,1.7096774193548387,,0.0,5.496774193548387,5.932258064516129,,-0.6419354838709678,95.93548387096774,2.0999999999999996,-3.5354838709677416,-5.325806451612903,
1950-02,3939.0,,,,5.0,3.692857142857143,2.392857142857143,,0.6428571428571429,6.085714285714286,8.339285714285714,,3.8464285714285715,98.21428571428571,7.557142857142857,0.5214285714285715,-0.9857142857142858,
1950-03,3939.0,,,,5.0,0.6387096774193549,0.4838709677419355,,0.3548387096774194,3.7451612903225806,9.509677419354839,,5.561290322580645,97.87096774193549,11.241935483870968,0.33225806451612905,-2.3548387096774195,
1950-04,3939.0,,,,5.0,2.99,1.5333333333333334,,0.0,5.703333333333333,10.01,,6.6899999999999995,97.63333333333334,10.763333333333332,2.816666666666667,1.1733333333333333,
1950-05,3939.0,,,,5.0,1.7774193548387098,0.45161290322580644,,0.0,3.667741935483871,13.170967741935485,,14.135483870967741,80.35483870967742,20.02,8.316129032258065,6.199999999999999,
1950-06,3939.0,,,,5.0,2.9,0.43333333333333335,,0.0,3.6199999999999997,14.106666666666666,,18.21333333333333,68.0,24.2,11.536666666666667,9.58,
1950-07,3939.0,,,,5.0,4.054838709677419,0.5806451612903226,,0.0,3.7516129032258063,15.758064516129032,,18.616129032258065,72.93548387096774,24.82903225806452,13.148387096774194,11.216129032258063,
1950-08,3939.0,,,,5.0,3.403225806451613,0.6129032258064516,,0.0,3.9838709677419355,14.97741935483871,,16.967741935483872,77.2258064516129,23.23548387096774,11.858064516129033,10.312903225806451,
1950-09,3939.0,,,,5.0,3.4,0.8666666666666667,,0.0,6.486666666666666,12.717241379310344,,12.779310344827588,84.48275862068965,18.303448275862067,9.417241379310346,8.955172413793104,
1950-10,3939.0,,,,5.0,0.7483870967741936,0.7096774193548387,,0.0,4.34516129032258,9.60689655172414,,8.458620689655174,81.55172413793103,12.935483870967742,4.796774193548386,3.5925925925925926,
1950-11,3939.0,,,,5.0,6.153333333333333,0.9666666666666667,,0.0,6.67,7.746666666666667,,4.63,89.6,7.403333333333333,1.3833333333333333,1.4100000000000001,
1950-12,3939.0,,,,5.0,2.7193548387096773,3.5483870967741935,,5.967741935483871,7.15483870967742,4.719354838709678,,-2.6806451612903226,90.80645161290323,-0.7709677419354838,-4.300000000000001,-4.970967741935484,
1951-01,3939.0,,,,5.0,4.067741935483871,1.7419354838709677,,2.5806451612903225,7.132258064516129,6.787096774193548,,3.1258064516129034,88.16129032258064,4.632258064516129,0.9258064516129032,1.3838709677419354,
1951-02,3939.0,,,,5.0,2.007142857142857,1.7142857142857142,,0.14285714285714285,5.942857142857143,6.392857142857143,,2.8607142857142853,84.21428571428571,5.760714285714286,-0.26071428571428573,-0.7285714285714285,
1951-03,3939.0,,,,5.0,3.5548387096774197,2.806451612903226,,0.3870967741935484,5.519354838709678,6.403225806451613,,3.167741935483871,81.38709677419355,6.829032258064517,-0.6774193548387096,-1.1193548387096772,
1951-04,3939.0,,,,5.0,1.7966666666666666,1.1333333333333333,,0.0,4.3133333333333335,7.319999999999999,,7.616666666666666,71.66666666666667,12.413333333333332,2.9366666666666665,1.43,
1951-05,3939.0,,,,5.0,1.9290322580645163,0.4838709677419355,,0.0,4.329032258064516,9.812903225806451,,12.393548387096773,68.35483870967742,17.335483870967742,6.84516129032258,5.403225806451613,
1951-06,3939.0,,,,5.0,4.913333333333333,0.7666666666666667,,0.0,5.156666666666666,13.49,,15.016666666666667,78.3,19.886666666666667,10.703333333333335,9.776666666666667,
1951-07,3939.0,,,,5.0,0.8290322580645161,0.3870967741935484,,0.0,3.825806451612903,14.170967741935485,,18.038709677419355,68.48387096774194,23.358064516129033,12.051612903225807,10.899999999999999,
1951-08,3939.0,,,,5.0,3.9419354838709677,0.5483870967741935,,0.0,4.574193548387097,14.387096774193548,,16.816129032258065,74.87096774193549,22.206451612903226,12.654838709677419,11.922580645161291,
1951-09,3939.0,,,,5.0,2.11,0.4,,0.0,3.756666666666667,13.58,,15.173333333333334,77.26666666666667,20.4,10.986666666666668,9.31,
1951-10,3939.0,,,,5.0,0.6741935483870968,0.3548387096774194,,0.0,3.545161290322581,8.529032258064515,,8.72258064516129,75.29032258064517,13.480645161290322,4.487096774193549,1.867741935483871,
1951-11,3939.0,,,,5.0,3.7933333333333334,0.9666666666666667,,0.06666666666666667,6.376666666666667,8.473333333333333,,6.456666666666666,86.8,9.003333333333334,3.816666666666667,2.9133333333333336,
1951-12,3939.0,,,,5.0,1.441935483870968,1.5161290322580645,,0.0,4.664516129032258,6.338709677419355,,2.1322580645161286,87.3225806451613,5.170967741935484,-0.835483870967742,-1.6258064516129032,
1952-01,3939.0,,,,5.0,1.9451612903225808,5.032258064516129,,4.064516129032258,7.183870967741935,5.619354838709677,,-0.3096774193548388,91.35483870967742,1.6838709677419357,-2.5,-2.7,
1952-02,3939.0,,,,5.0,1.5,3.8275862068965516,,20.137931034482758,6.282758620689655,5.413793103448276,,-0.46551724137931033,89.86206896551724,1.7586206896551724,-3.106896551724138,-4.9896551724137925,
1952-03,3939.0,,,,5.0,3.52258064516129,1.2903225806451613,,0.3870967741935484,5.748387096774193,7.193548387096774,,5.009677419354838,80.54838709677419,8.848387096774195,1.4387096774193548,0.20000000000000004,
1952-04,3939.0,,,,5.0,1.0033333333333332,0.8,,1.2,3.8733333333333335,8.286666666666667,,11.746666666666666,60.93333333333333,16.893333333333334,6.386666666666667,4.27,
1952-05,3939.0,,,,5.0,0.6935483870967742,0.4838709677419355,,0.0,4.035483870967742,10.293548387096775,,13.754838709677419,65.3225806451613,18.706451612903226,8.558064516129033,6.825806451612903,
1952-06,3939.0,,,,5.0,1.7433333333333332,0.4,,0.0,3.9033333333333333,12.093333333333334,,16.693333333333335,63.86666666666667,21.986666666666668,11.33,9.613333333333333,
1952-07,3939.0,,,,5.0,0.43548387096774194,0.22580645161290322,,0.0,3.638709677419355,13.9,,20.141935483870967,58.38709677419355,25.83225806451613,14.567741935483872,12.506451612903225,
1952-08,3939.0,,,,5.0,2.106451612903226,0.5483870967741935,,0.0,4.503225806451613,14.22258064516129,,18.280645161290323,68.93548387096774,23.996774193548386,13.425806451612903,11.238709677419354,
1952-09,3939.0,,,,5.0,4.4,0.7,,0.0,5.52,10.706666666666667,,10.316666666666666,84.3,14.453333333333335,7.31,6.16,
1952-10,3939.0,,,,5.0,4.445161290322581,1.0,,0.0,5.27741935483871,9.112903225806452,,7.603225806451612,86.09677419354838,11.348387096774195,4.593548387096774,3.5161290322580645,
1952-11,3939.0,,,,5.0,4.3533333333333335,2.5,,0.16666666666666666,6.6466666666666665,6.796666666666667,,2.3033333333333332,91.1,4.489999999999999,-0.23666666666666664,-0.89,
1952-12,3939.0,,,,5.0,3.351612903225806,3.870967741935484,,2.870967741935484,6.338709677419355,5.370967741935484,,-0.16451612903225812,85.25806451612904,2.2096774193548385,-2.6451612903225805,-3.051612903225806,
1953-01,3939.0,,,,5.0,0.8548387096774194,2.3548387096774195,,2.193548387096774,6.551612903225807,5.087096774193548,,-1.0161290322580645,87.35483870967742,1.0838709677419356,-2.6903225806451614,-5.103225806451612,
1953-02,3939.0,,,,5.0,1.9142857142857144,3.607142857142857,,7.821428571428571,6.235714285714286,5.0928571428571425,,0.3678571428571429,77.28571428571429,2.9964285714285714,-2.1821428571428574,-4.396428571428571,
1953-03,3939.0,,,,5.0,0.15806451612903227,0.41935483870967744,,0.0,2.6580645161290324,5.867741935483871,,7.245161290322581,61.064516129032256,13.0,1.835483870967742,-0.8290322580645161,
1953-04,3939.0,,,,5.0,1.4433333333333331,0.4666666666666667,,0.0,4.073333333333333,8.066666666666666,,10.076666666666666,66.26666666666667,15.57,5.03,3.453333333333333,
1953-05,3939.0,,,,5.0,1.1903225806451612,0.45161290322580644,,0.0,4.138709677419355,10.619354838709677,,14.619354838709677,62.38709677419355,20.325806451612905,8.938709677419356,7.058064516129033,
1953-06,3939.0,,,,5.0,3.77,0.7333333333333333,,0.0,5.5,13.906666666666666,,15.446666666666665,78.23333333333333,20.34333333333333,11.006666666666666,9.706666666666667,
1953-07,3939.0,,,,5.0,5.27741935483871,0.6774193548387096,,0.0,5.251612903225807,15.59032258064516,,16.993548387096773,79.7741935483871,21.980645161290322,13.048387096774194,11.693548387096774,
1953-08,3939.0,,,,5.0,0.6516129032258065,0.2903225806451613,,0.0,3.109677419354839,13.983870967741936,,17.416129032258063,70.03225806451613,23.567741935483873,11.935483870967742,10.154838709677419,
1953-09,3939.0,,,,5.0,1.4533333333333334,0.4666666666666667,,0.0,3.99,11.946666666666665,,14.44,73.06666666666666,20.256666666666668,9.54,8.033333333333333,
1953-10,3939.0,,,,5.0,0.5612903225806452,0.4838709677419355,,0.0,4.945161290322581,11.05483870967742,,10.974193548387097,82.96774193548387,15.093548387096773,7.641935483870968,6.770967741935484,
1953-11,3939.0,,,,5.0,0.38333333333333336,0.43333333333333335,,0.0,5.826666666666667,7.583333333333333,,4.946666666666667,86.9,8.096666666666668,1.9266666666666665,0.7866666666666667,
1953-12,3939.0,,,,5.0,1.0516129032258066,1.8387096774193548,,0.3548387096774194,5.854838709677419,7.04516129032258,,3.2870967741935484,88.35483870967742,5.83225806451613,1.1225806451612903,0.4483870967741936,
1954-01,3939.0,,,,5.0,2.696774193548387,3.4838709677419355,,3.2580645161290325,5.616129032258065,4.009677419354839,,-2.9612903225806453,68.96774193548387,-0.264516129032258,-5.625806451612903,-6.616129032258065,
1954-02,3939.0,,,,5.0,1.617857142857143,1.75,,1.0714285714285714,4.978571428571429,4.707142857142857,,-1.4428571428571428,77.85714285714286,1.7,-4.578571428571428,-6.117857142857143,
1954-03,3939.0,,,,5.0,0.667741935483871,1.096774193548387,,0.0,4.729032258064516,6.974193548387096,,6.170967741935484,73.7741935483871,10.851612903225806,2.029032258064516,-0.37741935483870964,
1954-04,3939.0,,,,5.0,1.6866666666666668,2.1666666666666665,,0.0,4.680000000000001,7.069999999999999,,6.863333333333333,72.2,11.04,2.5300000000000002,0.6466666666666666,
1954-05,3939.0,,,,5.0,1.261290322580645,0.5161290322580645,,0.0,4.387096774193548,10.087096774193547,,12.577419354838709,69.35483870967742,18.29032258064516,7.229032258064516,5.241935483870968,
1954-06,3939.0,,,,5.0,1.55,0.4666666666666667,,0.0,4.703333333333333,13.976666666666667,,16.023333333333333,75.46666666666667,21.333333333333332,11.003333333333334,9.44,
1954-07,3939.0,,,,5.0,2.9419354838709677,0.6774193548387096,,0.0,5.706451612903226,13.73225806451613,,14.493548387096775,82.35483870967742,19.151612903225807,10.283870967741937,8.754838709677419,
1954-08,3939.0,,,,5.0,4.151612903225806,0.6774193548387096,,0.0,5.351612903225806,14.651612903225805,,15.448387096774193,83.64516129032258,20.299999999999997,11.493548387096775,9.719354838709679,
1954-09,3939.0,,,,5.0,5.510000000000001,0.8333333333333334,,0.0,5.566666666666666,13.54,,13.413333333333332,85.66666666666667,17.913333333333334,9.74,8.623333333333333,
1954-10,3939.0,,,,5.0,2.1225806451612903,0.5806451612903226,,0.0,4.790322580645161,10.916129032258064,,10.141935483870967,86.35483870967742,14.206451612903225,6.683870967741935,4.996774193548387,
1954-11,3939.0,,,,5.0,1.5766666666666669,1.1,,0.0,5.386666666666667,7.87,,5.153333333333333,86.2,8.323333333333332,1.88,0.4233333333333334,
1954-12,3939.0,,,,5.0,2.9516129032258065,2.4516129032258065,,0.03225806451612903,6.964516129032258,7.358064516129032,,3.148387096774193,93.7741935483871,5.267741935483872,0.8838709677419354,-0.09032258064516127,
1955-01,3939.0,,,,5.0,3.487096774193548,2.032258064516129,,1.4838709677419355,6.083870967741936,5.054838709677419,,-0.8129032258064516,82.87096774193549,2.0580645161290323,-3.7096774193548385,-4.983870967741935,
1955-02,3939.0,,,,5.0,2.942857142857143,4.571428571428571,,6.535714285714286,6.421428571428572,5.042857142857143,,-0.6714285714285715,82.17857142857143,2.4035714285714285,-3.475,-5.1499999999999995,
1955-03,3939.0,,,,5.0,1.238709677419355,1.7741935483870968,,2.5483870967741935,4.383870967741935,5.467741935483871,,1.9774193548387098,73.03225806451613,5.680645161290323,-1.9258064516129034,-3.7129032258064516,
1955-04,3939.0,,,,5.0,0.8466666666666666,0.5666666666666667,,0.0,3.71,7.546666666666667,,8.726666666666667,66.76666666666667,13.856666666666666,3.356666666666667,1.4366666666666668,
1955-05,3939.0,,,,5.0,2.487096774193548,0.6774193548387096,,0.0,4.458064516129032,9.438709677419356,,11.196774193548388,70.93548387096774,16.551612903225806,6.15483870967742,4.903225806451613,
1955-06,3939.0,,,,5.0,2.856666666666667,0.6333333333333333,,0.0,4.8966666666666665,13.486666666666668,,15.4,75.93333333333334,20.273333333333333,10.486666666666668,9.45,
1955-07,3939.0,,,,5.0,2.6129032258064515,0.5483870967741935,,0.0,5.012903225806451,16.480645161290322,,17.509677419354837,81.06451612903226,21.983870967741936,13.1,11.880645161290323,
1955-08,3939.0,,,,5.0,1.1258064516129032,0.41935483870967744,,0.0,3.9387096774193546,15.135483870967741,,16.89032258064516,78.54838709677419,22.42258064516129,12.316129032258065,10.26774193548387,
1955-09,3939.0,,,,5.0,1.9433333333333336,0.36666666666666664,,0.0,4.1866666666666665,13.106666666666666,,13.626666666666667,83.03333333333333,18.92,9.7,8.440000000000001,
1955-10,3939.0,,,,5.0,1.3161290322580643,0.4838709677419355,,0.0,4.374193548387097,9.27741935483871,,7.687096774193548,85.90322580645162,11.94516129032258,3.9838709677419355,2.564516129032258,
1955-11,3939.0,,,,5.0,0.69,0.8666666666666667,,0.0,5.076666666666667,7.576666666666667,,4.286666666666666,85.4,7.28,1.28,0.19666666666666668,
1955-12,3939.0,,,,5.0,3.8354838709677415,1.8064516129032258,,0.0967741935483871,6.738709677419355,7.300000000000001,,2.8580645161290326,94.35483870967742,5.138709677419355,0.2387096774193548,-0.20000000000000007,
1956-01,3939.0,,,,5.0,2.509677419354839,2.4838709677419355,,0.3548387096774194,5.758064516129032,6.064516129032258,,1.035483870967742,88.61290322580645,3.7,-1.5290322580645164,-2.1548387096774193,
1956-02,3939.0,,,,5.0,0.710344827586207,3.9655172413793105,,6.793103448275862,4.93448275862069,2.8344827586206898,,-8.555172413793104,83.13793103448276,-4.824137931034483,-12.693103448275863,-14.989655172413793,
1956-03,3939.0,,,,5.0,1.9,0.967741935483871,,0.0,4.503225806451613,6.470967741935484,,4.703225806451614,73.38709677419355,8.706451612903225,0.49677419354838714,-0.6064516129032257,
1956-04,3939.0,,,,5.0,2.8366666666666664,2.3333333333333335,,0.1,4.906666666666666,7.680000000000001,,6.6866666666666665,77.5,11.293333333333333,2.503333333333333,1.1466666666666667,
1956-05,3939.0,,,,5.0,1.5516129032258066,0.7741935483870968,,0.0,4.025806451612903,10.687096774193549,,13.748387096774193,68.12903225806451,19.53548387096774,8.2,6.635483870967741,
1956-06,3939.0,,,,5.0,2.2933333333333334,0.8333333333333334,,0.0,5.803333333333333,12.546666666666665,,13.01,83.1,17.326666666666664,8.7,8.193333333333333,
1956-07,3939.0,,,,5.0,2.5838709677419356,0.5806451612903226,,0.0,4.964516129032258,15.361290322580645,,16.729032258064517,80.29032258064517,22.18064516129032,12.287096774193548,11.248387096774193,
1956-08,3939.0,,,,5.0,3.0999999999999996,0.8064516129032258,,0.0,4.922580645161291,13.241935483870968,,14.138709677419355,81.45161290322581,19.54516129032258,10.109677419354838,8.938709677419356,
1956-09,3939.0,,,,5.0,1.7766666666666666,0.5333333333333333,,0.0,4.016666666666667,13.986666666666668,,14.756666666666666,82.8,19.886666666666667,10.79,9.33,
1956-10,3939.0,,,,5.0,1.903225806451613,0.9354838709677419,,0.0,5.841935483870968,10.106451612903227,,8.364516129032259,88.83870967741936,12.52258064516129,5.264516129032258,4.34516129032258,
1956-11,3939.0,,,,5.0,1.7366666666666668,1.6333333333333333,,0.0,5.876666666666667,6.716666666666667,,2.4633333333333334,88.8,4.6899999999999995,-0.11666666666666665,-1.1633333333333333,
1956-12,3939.0,,,,5.0,1.1387096774193548,2.096774193548387,,1.032258064516129,6.329032258064516,6.854838709677419,,2.435483870967742,90.74193548387096,4.425806451612903,0.267741935483871,-0.8258064516129032,
1957-01,3939.0,,,,5.0,1.7322580645161292,2.870967741935484,,5.32258064516129,5.15483870967742,5.809677419354839,,0.19677419354838707,89.35483870967742,2.893548387096774,-2.735483870967742,-4.609677419354839,
1957-02,3939.0,,,,5.0,4.135714285714285,1.3928571428571428,,0.07142857142857142,5.567857142857143,7.6000000000000005,,4.928571428571429,85.25,7.917857142857143,2.3214285714285716,0.9678571428571427,
1957-03,3939.0,,,,5.0,2.1806451612903226,0.41935483870967744,,0.0,4.403225806451613,8.83548387096774,,8.02258064516129,80.96774193548387,12.54516129032258,4.132258064516129,2.403225806451613,
1957-04,3939.0,,,,5.0,0.28,0.3,,0.0,3.1300000000000003,8.386666666666667,,8.746666666666666,73.4,14.243333333333334,3.69,1.9766666666666666,
1957-05,3939.0,,,,5.0,0.8451612903225807,1.096774193548387,,0.0,4.009677419354839,9.303225806451612,,10.422580645161291,72.03225806451613,16.296774193548387,5.096774193548387,3.7580645161290325,
1957-06,3939.0,,,,5.0,3.55,0.5333333333333333,,0.0,3.8800000000000003,14.953333333333335,,17.383333333333333,73.66666666666667,23.696666666666665,11.153333333333334,10.136666666666667,
1957-07,3939.0,,,,5.0,4.029032258064516,0.6451612903225806,,0.0,4.864516129032259,16.848387096774193,,17.693548387096776,82.25806451612904,23.200000000000003,13.264516129032257,12.154838709677419,
1957-08,3939.0,,,,5.0,2.583870967741935,0.6774193548387096,,0.0,4.432258064516129,14.76774193548387,,14.958064516129031,85.7741935483871,20.174193548387095,10.925806451612903,9.693548387096774,
1957-09,3939.0,,,,5.0,4.3566666666666665,0.7,,0.0,5.433333333333334,13.53,,12.363333333333333,91.7,16.916666666666668,8.853333333333333,7.959999999999999,
1957-10,3939.0,,,,5.0,0.9258064516129032,0.7096774193548387,,0.0,4.464516129032258,10.745161290322581,,9.593548387096773,88.48387096774194,14.8,5.32258064516129,3.7129032258064516,
1957-11,3939.0,,,,5.0,0.8633333333333334,0.8,,0.0,6.41,7.836666666666667,,4.4399999999999995,90.73333333333333,6.760000000000001,2.4466666666666668,1.53,
1957-12,3939.0,,,,5.0,1.7935483870967743,1.6129032258064515,,0.03225806451612903,6.148387096774194,6.203225806451614,,0.8709677419354839,93.41935483870968,3.3741935483870966,-1.8741935483870968,-3.0354838709677416,
1958-01,3939.0,,,,5.0,2.5354838709677416,3.2580645161290325,,3.4516129032258065,5.935483870967742,5.912903225806452,,0.2612903225806452,92.64516129032258,2.92258064516129,-2.3870967741935485,-3.851612903225807,
1958-02,3939.0,,,,5.0,5.210714285714286,3.642857142857143,,2.0357142857142856,6.096428571428571,7.307142857142857,,3.1107142857142853,90.5,6.185714285714285,0.21071428571428572,-0.4642857142857143,
1958-03,3939.0,,,,5.0,1.2451612903225806,2.5806451612903225,,1.8709677419354838,4.325806451612903,5.567741935483871,,0.9516129032258065,82.19354838709677,4.941935483870967,-2.851612903225807,-4.364516129032259,
1958-04,3939.0,,,,5.0,1.1666666666666667,2.066666666666667,,0.13333333333333333,4.546666666666667,7.596666666666667,,5.916666666666667,81.1,10.976666666666667,1.32,-0.5133333333333333,
1958-05,3939.0,,,,5.0,4.238709677419355,0.7419354838709677,,0.0,4.970967741935484,13.061290322580644,,13.745161290322581,82.51612903225806,19.183870967741935,8.932258064516128,7.816129032258065,
1958-06,3939.0,,,,5.0,3.3666666666666667,0.5333333333333333,,0.0,4.97,12.913333333333332,,14.886666666666667,76.13333333333334,20.326666666666664,10.403333333333334,9.303333333333335,
1958-07,3939.0,,,,5.0,3.5451612903225804,0.5483870967741935,,0.0,4.067741935483871,15.19032258064516,,17.116129032258065,77.2258064516129,23.32903225806452,12.135483870967741,11.077419354838709,
1958-08,3939.0,,,,5.0,4.283870967741936,0.6451612903225806,,0.0,4.661290322580645,16.112903225806452,,17.03548387096774,81.38709677419355,22.84193548387097,12.745161290322581,11.832258064516129,
1958-09,3939.0,,,,5.0,1.8733333333333333,0.36666666666666664,,0.0,4.003333333333333,14.083333333333334,,15.213333333333333,80.43333333333334,20.723333333333336,11.013333333333332,10.06,
1958-10,3939.0,,,,5.0,1.9193548387096775,0.4838709677419355,,0.0,5.245161290322581,10.129032258064516,,8.916129032258064,85.54838709677419,13.55483870967742,5.445161290322581,4.380645161290323,
1958-11,3939.0,,,,5.0,1.85,0.5666666666666667,,0.0,7.676666666666667,7.683333333333334,,4.203333333333333,91.5,5.996666666666667,2.466666666666667,1.6933333333333336,
1958-12,3939.0,,,,5.0,4.12258064516129,1.1290322580645162,,0.16129032258064516,6.141935483870968,6.62258064516129,,2.641935483870968,86.25806451612904,5.04516129032258,0.32580645161290317,-1.1161290322580646,
1959-01,3939.0,,,,5.0,2.370967741935484,3.225806451612903,,6.032258064516129,5.296774193548386,5.551612903225807,,0.37096774193548393,86.06451612903226,3.074193548387097,-2.2516129032258063,-3.929032258064516,
1959-02,3939.0,,,,5.0,0.18928571428571428,0.07142857142857142,,0.0,2.8642857142857143,5.571428571428571,,2.4464285714285716,74.03571428571429,7.846428571428571,-2.4071428571428575,-5.45,
1959-03,3939.0,,,,5.0,2.229032258064516,0.5161290322580645,,0.0,4.961290322580646,8.048387096774194,,7.703225806451614,76.45161290322581,12.54516129032258,3.351612903225807,0.2903225806451613,
1959-04,3939.0,,,,5.0,2.783333333333333,1.2333333333333334,,0.0,4.343333333333334,8.96,,9.84,73.4,15.466666666666667,5.043333333333334,2.7299999999999995,
1959-05,3939.0,,,,5.0,0.9354838709677419,0.45161290322580644,,0.0,4.116129032258065,10.787096774193548,,13.803225806451612,67.90322580645162,19.874193548387098,8.183870967741935,6.403225806451613,
1959-06,3939.0,,,,5.0,2.0533333333333332,0.4666666666666667,,0.0,4.53,13.386666666666667,,16.86,69.06666666666666,23.17,11.253333333333334,9.746666666666666,
1959-07,3939.0,,,,5.0,1.1419354838709677,0.25806451612903225,,0.0,3.2516129032258063,15.948387096774194,,20.700000000000003,65.51612903225806,27.938709677419357,14.751612903225807,12.764516129032257,
1959-08,3939.0,,,,5.0,2.0677419354838706,0.25806451612903225,,0.0,3.4612903225806453,15.170967741935485,,17.55806451612903,74.64516129032258,24.135483870967743,12.72258064516129,11.206451612903225,
1959-09,3939.0,,,,5.0,0.15,0.06666666666666667,,0.0,1.51,11.24,,16.17,60.36666666666667,23.7,10.033333333333333,7.796666666666667,
1959-10,3939.0,,,,5.0,1.2967741935483872,0.3548387096774194,,0.0,3.0354838709677416,9.258064516129032,,9.883870967741935,75.38709677419355,16.258064516129032,5.261290322580645,3.9709677419354836,
1959-11,3939.0,,,,5.0,1.5666666666666667,0.7333333333333333,,0.0,6.239999999999999,7.176666666666667,,3.493333333333333,90.13333333333334,6.193333333333333,1.16,0.09666666666666668,
1959-12,3939.0,,,,5.0,2.487096774193548,1.6451612903225807,,0.0,6.66774193548387,7.012903225806451,,2.990322580645161,90.25806451612904,5.016129032258065,0.8451612903225806,-0.025806451612903233,
1960-01,3939.0,,,,5.0,1.7580645161290323,3.4516129032258065,,1.2580645161290323,6.135483870967741,5.964516129032258,,0.4903225806451612,85.90322580645162,3.274193548387097,-2.2580645161290325,-3.2838709677419353,
1960-02,3939.0,,,,5.0,2.5655172413793106,2.2758620689655173,,1.2413793103448276,5.627586206896551,6.2,,2.2896551724137932,80.96551724137932,5.479310344827587,-0.7000000000000002,-2.2103448275862068,
1960-03,3939.0,,,,5.0,1.167741935483871,0.6129032258064516,,0.0,5.841935483870968,7.403225806451613,,6.287096774193548,76.74193548387096,10.570967741935483,2.8419354838709676,1.961290322580645,
1960-04,3939.0,,,,5.0,0.8933333333333333,1.2,,0.0,4.37,7.746666666666667,,8.69,69.86666666666666,14.343333333333334,3.94,2.6799999999999997,
1960-05,3939.0,,,,5.0,2.8741935483870966,0.41935483870967744,,0.0,4.151612903225806,11.30967741935484,,13.761290322580646,69.45161290322581,20.24516129032258,8.458064516129031,7.503225806451613,
1960-06,3939.0,,,,5.0,2.5566666666666666,0.43333333333333335,,0.0,4.46,14.316666666666666,,16.913333333333334,73.23333333333333,23.293333333333333,11.506666666666666,11.083333333333334,
1960-07,3939.0,,,,5.0,3.545161290322581,0.7096774193548387,,0.0,5.538709677419354,14.083870967741936,,14.725806451612904,82.45161290322581,20.416129032258063,10.519354838709678,10.119354838709677,
1960-08,3939.0,,,,5.0,4.932258064516129,0.7741935483870968,,0.0,5.203225806451614,15.203225806451613,,15.51290322580645,84.6774193548387,21.241935483870968,12.019354838709678,11.538709677419355,
1960-09,3939.0,,,,5.0,1.7533333333333334,0.43333333333333335,,0.0,4.503333333333333,12.233333333333333,,12.59,82.13333333333334,18.25,8.606666666666666,8.17,
1960-10,3939.0,,,,5.0,3.5387096774193547,0.8064516129032258,,0.0,5.758064516129032,10.361290322580645,,9.212903225806452,87.0,13.096774193548388,6.561290322580645,5.729032258064516,
1960-11,3939.0,,,,5.0,3.5366666666666666,1.1666666666666667,,0.0,6.843333333333334,8.27,,6.15,86.33333333333333,9.26,3.9033333333333338,3.0966666666666667,
1960-12,3939.0,,,,5.0,1.8161290322580643,2.2580645161290325,,0.9032258064516129,6.774193548387097,5.877419354838709,,0.832258064516129,88.58064516129032,2.57741935483871,-1.0387096774193547,-1.6516129032258065,
1961-01,3939.0,,,,5.0,3.864516129032258,3.7419354838709675,,2.129032258064516,6.245161290322581,5.629032258064516,,0.31935483870967746,87.29032258064517,2.370967741935484,-1.7161290322580647,-2.3483870967741933,
1961-02,3939.0,,,,5.0,2.9250000000000003,1.9285714285714286,,0.17857142857142858,5.067857142857143,7.378571428571428,,5.539285714285714,80.71428571428571,9.928571428571429,2.060714285714286,0.8714285714285713,
1961-03,3939.0,,,,5.0,0.7032258064516128,0.8387096774193549,,0.0,4.106451612903226,7.116129032258065,,7.319354838709677,69.80645161290323,13.161290322580646,2.5483870967741935,1.038709677419355,
1961-04,3939.0,,,,5.0,2.2866666666666666,0.7666666666666667,,0.0,5.8,10.379999999999999,,11.096666666666666,78.93333333333334,16.293333333333333,7.7266666666666675,6.793333333333334,
1961-05,3939.0,,,,5.0,2.4612903225806453,0.6451612903225806,,0.0,5.293548387096774,10.109677419354838,,10.970967741935485,76.06451612903226,16.806451612903224,6.158064516129032,5.922580645161291,
1961-06,3939.0,,,,5.0,5.013333333333334,0.5,,0.0,4.906666666666666,13.396666666666667,,15.57,75.33333333333333,21.17,10.863333333333333,9.956666666666667,
1961-07,3939.0,,,,5.0,3.42258064516129,0.5161290322580645,,0.0,4.787096774193548,13.061290322580644,,15.403225806451612,73.74193548387096,21.861290322580647,10.383870967741935,9.209677419354838,
1961-08,3939.0,,,,5.0,1.5096774193548388,0.4838709677419355,,0.0,4.709677419354839,13.870967741935484,,16.406451612903226,74.19354838709677,22.200000000000003,12.01290322580645,11.01290322580645,
1961-09,3939.0,,,,5.0,1.6966666666666665,0.3,,0.0,3.61,15.793333333333333,,17.636666666666667,77.06666666666666,23.33,13.266666666666667,11.76,
1961-10,3939.0,,,,5.0,2.7161290322580647,0.5161290322580645,,0.0,4.964516129032258,11.264516129032257,,10.812903225806451,84.12903225806451,15.012903225806452,7.438709677419355,6.203225806451614,
1961-11,3939.0,,,,5.0,2.5,1.2,,0.0,6.133333333333334,6.943333333333333,,3.73,84.76666666666667,6.47,1.12,-0.12999999999999998,
1961-12,3939.0,,,,5.0,3.261290322580645,1.2580645161290323,,0.5483870967741935,5.72258064516129,6.258064516129032,,0.7967741935483871,84.41935483870968,3.5354838709677416,-2.041935483870968,-2.803225806451613,
1962-01,3939.0,,,,5.0,2.6903225806451614,2.064516129032258,,0.12903225806451613,6.348387096774194,6.199999999999999,,1.9774193548387096,83.6774193548387,4.296774193548386,-0.07096774193548397,-1.3903225806451613,
1962-02,3939.0,,,,5.0,3.1107142857142853,3.1785714285714284,,1.25,5.764285714285714,4.935714285714285,,0.3892857142857143,76.82142857142857,3.3964285714285714,-2.4285714285714284,-4.4071428571428575,
1962-03,3939.0,,,,5.0,2.3774193548387097,3.129032258064516,,1.4516129032258065,5.32258064516129,5.0,,0.9161290322580645,74.0,4.712903225806452,-2.42258064516129,-3.1225806451612903,
1962-04,3939.0,,,,5.0,2.1566666666666667,1.2,,0.0,5.5,8.016666666666667,,8.653333333333334,70.26666666666667,13.813333333333333,4.3133333333333335,3.3833333333333333,
1962-05,3939.0,,,,5.0,2.9741935483870967,0.7419354838709677,,0.0,5.387096774193548,9.129032258064516,,10.058064516129033,73.09677419354838,15.538709677419355,5.619354838709677,5.196774193548387,
1962-06,3939.0,,,,5.0,0.17333333333333334,0.2,,0.0,3.6366666666666663,11.223333333333333,,15.673333333333334,60.8,22.163333333333334,9.333333333333334,8.629999999999999,
1962-07,3939.0,,,,5.0,1.3129032258064517,0.41935483870967744,,0.0,4.838709677419355,12.696774193548388,,15.970967741935485,69.3225806451613,22.129032258064516,10.935483870967742,10.393548387096773,
1962-08,3939.0,,,,5.0,1.3419354838709678,0.2903225806451613,,0.0,3.9709677419354836,13.196774193548388,,17.370967741935484,65.48387096774194,23.961290322580645,12.19032258064516,11.461290322580645,
1962-09,3939.0,,,,5.0,2.5766666666666667,0.5,,0.0,4.723333333333333,11.583333333333334,,13.093333333333334,75.33333333333333,18.243333333333332,8.993333333333334,8.483333333333333,
1962-10,3939.0,,,,5.0,0.3774193548387097,0.3225806451612903,,0.0,3.4806451612903224,9.325806451612904,,9.580645161290322,76.16129032258064,14.651612903225805,5.803225806451613,5.309677419354839,
1962-11,3939.0,,,,5.0,1.0,2.3333333333333335,,1.7333333333333334,6.23,6.319999999999999,,2.3766666666666665,85.63333333333334,5.1033333333333335,-0.06666666666666667,-0.6133333333333333,
1962-12,3939.0,,,,5.0,2.2838709677419353,2.806451612903226,,0.41935483870967744,5.380645161290323,4.725806451612903,,-2.0999999999999996,84.2258064516129,0.9,-4.790322580645161,-5.238709677419355,
1963-01,3939.0,,,,5.0,0.7870967741935483,2.225806451612903,,3.774193548387097,5.65483870967742,3.796774193548387,,-5.590322580645162,88.96774193548387,-3.0935483870967744,-8.35483870967742,-8.990322580645161,
1963-02,3939.0,,,,5.0,0.9428571428571428,2.607142857142857,,6.678571428571429,5.153571428571429,4.189285714285714,,-3.857142857142857,87.21428571428571,-0.5357142857142857,-6.835714285714286,-8.539285714285715,
1963-03,3939.0,,,,5.0,2.596774193548387,1.0,,0.5161290322580645,5.083870967741936,7.638709677419355,,4.33225806451613,87.58064516129032,8.82258064516129,0.5903225806451613,-1.3387096774193548,
1963-04,3939.0,,,,5.0,1.5799999999999998,0.5,,0.0,5.6899999999999995,11.526666666666667,,9.793333333333333,91.1,15.333333333333334,5.223333333333333,3.183333333333333,
1963-05,3939.0,,,,5.0,1.0290322580645161,0.4838709677419355,,0.0,5.087096774193548,12.635483870967741,,12.183870967741935,85.2258064516129,18.338709677419356,7.245161290322581,5.183870967741935,
1963-06,3939.0,,,,5.0,4.9399999999999995,0.7,,0.0,5.54,15.883333333333333,,15.45,88.0,21.65,10.503333333333334,8.53,
1963-07,3939.0,,,,5.0,0.5548387096774193,0.2903225806451613,,0.0,3.57741935483871,17.41290322580645,,18.425806451612903,79.96774193548387,25.425806451612903,12.261290322580646,10.106451612903227,
1963-08,3939.0,,,,5.0,4.741935483870968,0.7096774193548387,,0.0,5.567741935483871,16.067741935483873,,15.277419354838708,89.87096774193549,20.161290322580644,11.493548387096775,9.393548387096773,
1963-09,3939.0,,,,5.0,1.5100000000000002,0.4,,0.0,4.306666666666667,15.353333333333333,,14.426666666666668,90.0,19.5,10.203333333333335,8.373333333333333,
1963-10,3939.0,,,,5.0,1.932258064516129,0.2903225806451613,,0.0,4.770967741935484,10.46774193548387,,8.325806451612904,91.61290322580645,12.441935483870967,5.058064516129033,3.3483870967741933,
1963-11,3939.0,,,,5.0,5.093333333333334,0.7333333333333333,,0.0,6.29,9.76,,7.506666666666666,91.26666666666667,10.83,4.680000000000001,2.9733333333333336,
1963-12,3939.0,,,,5.0,0.07419354838709677,1.3870967741935485,,1.0,5.848387096774194,4.664516129032258,,-2.8451612903225807,90.7741935483871,-0.5645161290322581,-4.948387096774193,-5.596774193548387,
1964-01,3939.0,,,,5.0,0.535483870967742,2.129032258064516,,1.032258064516129,6.535483870967742,4.812903225806451,,-2.2838709677419353,91.12903225806451,-0.11935483870967742,-4.664516129032258,-5.038709677419354,
1964-02,3939.0,,,,5.0,1.9068965517241379,1.896551724137931,,0.20689655172413793,5.872413793103449,6.317241379310344,,2.3137931034482757,84.75862068965517,5.293103448275862,-0.45862068965517244,-1.4482758620689655,
1964-03,3939.0,,,,5.0,2.661290322580645,2.3225806451612905,,0.6451612903225806,6.203225806451614,6.170967741935484,,2.1580645161290324,82.54838709677419,5.5,-0.6645161290322581,-1.6935483870967742,
1964-04,3939.0,,,,5.0,1.5266666666666666,0.7,,0.0,5.383333333333334,8.963333333333333,,9.246666666666666,76.06666666666666,14.379999999999999,5.069999999999999,3.9166666666666665,
1964-05,3939.0,,,,5.0,0.8129032258064516,0.2903225806451613,,0.0,4.293548387096774,12.203225806451613,,14.729032258064517,71.35483870967742,21.193548387096776,8.803225806451612,7.338709677419355,
1964-06,3939.0,,,,5.0,2.0433333333333334,0.36666666666666664,,0.0,3.4466666666666668,14.473333333333333,,17.203333333333333,72.26666666666667,24.076666666666664,11.553333333333335,10.270000000000001,
1964-07,3939.0,,,,5.0,0.9548387096774194,0.25806451612903225,,0.0,2.861290322580645,15.661290322580646,,19.648387096774194,66.6774193548387,27.03870967741935,13.480645161290322,11.72258064516129,
1964-08,3939.0,,,,5.0,2.0451612903225804,0.45161290322580644,,0.0,3.7838709677419353,14.44516129032258,,16.5,76.09677419354838,22.980645161290322,11.925806451612903,10.583870967741936,
1964-09,3939.0,,,,5.0,2.39,0.4666666666666667,,0.0,3.56,13.633333333333333,,14.423333333333334,80.23333333333333,20.253333333333334,9.836666666666668,8.286666666666667,
1964-10,3939.0,,,,5.0,2.4451612903225803,0.6774193548387096,,0.0,5.567741935483871,9.26774193548387,,6.861290322580645,90.35483870967742,10.751612903225807,3.9709677419354836,2.97741935483871,
1964-11,3939.0,,,,5.0,3.773333333333333,0.8,,0.0,6.866666666666666,8.086666666666666,,4.906666666666667,91.26666666666667,7.223333333333333,2.85,2.1566666666666667,
1964-12,3939.0,,,,5.0,1.367741935483871,2.129032258064516,,1.7419354838709677,6.170967741935484,6.006451612903225,,0.7290322580645161,89.38709677419355,3.0290322580645164,-1.3774193548387095,-2.061290322580645,
1965-01,3939.0,,,,5.0,4.72258064516129,5.161290322580645,,2.2903225806451615,7.112903225806452,6.293548387096774,,1.270967741935484,92.19354838709677,3.329032258064516,-0.632258064516129,-1.3903225806451613,
1965-02,3939.0,,,,5.0,0.8,5.285714285714286,,1.1071428571428572,5.432142857142857,4.553571428571429,,-1.5571428571428572,81.82142857142857,1.3357142857142856,-4.325,-5.189285714285715,
1965-03,3939.0,,,,5.0,3.383870967741936,2.225806451612903,,5.0,5.306451612903226,6.883870967741935,,4.116129032258065,80.7741935483871,8.593548387096773,0.49354838709677423,-0.8,
1965-04,3939.0,,,,5.0,2.8833333333333333,0.9333333333333333,,0.0,5.996666666666667,7.883333333333334,,7.22,78.63333333333334,11.85,3.43,2.8666666666666667,
1965-05,3939.0,,,,5.0,3.7774193548387096,0.5161290322580645,,0.0,5.041935483870968,10.5,,12.058064516129033,74.06451612903226,17.151612903225807,8.080645161290322,6.84516129032258,
1965-06,3939.0,,,,5.0,3.753333333333333,0.6666666666666666,,0.0,5.256666666666666,14.93,,15.763333333333332,81.83333333333333,20.803333333333335,11.610000000000001,10.453333333333335,
1965-07,3939.0,,,,5.0,4.125806451612903,0.6451612903225806,,0.0,5.622580645161291,14.593548387096773,,15.04516129032258,83.45161290322581,20.503225806451614,11.790322580645162,10.774193548387096,
1965-08,3939.0,,,,5.0,1.464516129032258,0.3870967741935484,,0.0,4.548387096774194,15.893548387096773,,15.519354838709676,87.38709677419355,20.90967741935484,11.448387096774193,10.116129032258065,
1965-09,3939.0,,,,5.0,2.9,0.6,,0.0,4.933333333333334,13.343333333333334,,12.346666666666666,90.56666666666666,17.146666666666665,9.25,8.216666666666667,
1965-10,3939.0,,,,5.0,0.264516129032258,0.1935483870967742,,0.0,3.167741935483871,10.948387096774193,,9.412903225806453,88.54838709677419,14.600000000000001,5.661290322580645,4.490322580645161,
1965-11,3939.0,,,,5.0,5.333333333333333,3.1666666666666665,,1.9333333333333333,6.806666666666667,6.923333333333333,,2.433333333333333,90.6,5.206666666666666,0.37,-0.9233333333333333,
1965-12,3939.0,,,,5.0,5.925806451612904,2.806451612903226,,0.22580645161290322,7.003225806451613,7.180645161290323,,3.1225806451612903,92.03225806451613,5.22258064516129,1.1709677419354838,0.025806451612903226,
1966-01,3939.0,,,,5.0,1.761290322580645,1.8387096774193548,,0.8709677419354839,5.519354838709678,5.122580645161291,,-1.5451612903225806,85.54838709677419,0.8193548387096775,-3.7419354838709675,-5.525806451612903,
1966-02,3939.0,,,,5.0,1.8857142857142857,0.8571428571428571,,0.0,6.203571428571428,8.382142857142856,,6.346428571428571,85.71428571428571,9.257142857142856,4.139285714285714,2.0678571428571426,
1966-03,3939.0,,,,5.0,2.4612903225806453,2.7419354838709675,,0.41935483870967744,5.425806451612903,6.958064516129032,,3.838709677419355,84.58064516129032,7.84516129032258,0.8612903225806451,-1.5225806451612904,
1966-04,3939.0,,,,5.0,2.32,0.7333333333333333,,0.0,5.213333333333334,10.620000000000001,,10.126666666666667,83.63333333333334,14.75,6.58,4.083333333333333,
1966-05,3939.0,,,,5.0,2.1548387096774193,0.45161290322580644,,0.0,4.138709677419355,12.448387096774194,,13.661290322580646,77.38709677419355,19.177419354838708,9.161290322580646,7.516129032258065,
1966-06,3939.0,,,,5.0,3.283333333333333,0.5666666666666667,,0.0,4.25,15.82,,17.046666666666667,79.2,22.33,12.806666666666667,12.03,
1966-07,3939.0,,,,5.0,2.206451612903226,0.6129032258064516,,0.0,4.909677419354838,15.174193548387096,,15.399999999999999,83.93548387096774,20.248387096774195,11.609677419354838,10.980645161290322,
1966-08,3939.0,,,,5.0,4.174193548387097,0.45161290322580644,,0.0,4.806451612903226,15.829032258064515,,15.725806451612904,84.6774193548387,20.738709677419354,11.864516129032259,11.083870967741936,
1966-09,3939.0,,,,5.0,0.9466666666666667,0.23333333333333334,,0.0,3.6366666666666663,14.47,,14.6,83.6,20.59333333333333,10.626666666666667,9.6,
1966-10,3939.0,,,,5.0,2.274193548387097,0.6774193548387096,,0.0,5.819354838709677,12.935483870967742,,11.725806451612904,88.70967741935483,15.574193548387097,9.341935483870968,8.64516129032258,
1966-11,3939.0,,,,5.0,2.8766666666666665,3.0,,0.43333333333333335,6.196666666666667,6.453333333333333,,1.9200000000000002,90.03333333333333,4.41,-0.19666666666666663,-1.02,
1966-12,3939.0,,,,5.0,5.97741935483871,2.6774193548387095,,2.032258064516129,6.716129032258064,6.541935483870968,,2.1580645161290324,89.96774193548387,4.529032258064516,0.0032258064516129063,-0.8419354838709677,
1967-01,3939.0,,,,5.0,1.303225806451613,2.6451612903225805,,1.7419354838709677,5.974193548387096,6.106451612903226,,1.1870967741935483,86.96774193548387,3.325806451612903,-0.6483870967741936,-2.170967741935484,
1967-02,3939.0,,,,5.0,2.3535714285714286,0.9642857142857143,,0.03571428571428571,5.010714285714286,6.528571428571429,,3.207142857142857,80.96428571428571,6.2250000000000005,0.6821428571428572,-1.217857142857143,
1967-03,3939.0,,,,5.0,2.383870967741936,1.2903225806451613,,0.0,5.112903225806452,7.529032258064516,,5.848387096774194,79.83870967741936,9.893548387096773,2.851612903225807,1.0548387096774192,
1967-04,3939.0,,,,5.0,2.1733333333333333,1.3666666666666667,,0.13333333333333333,4.123333333333333,6.760000000000001,,7.61,66.36666666666666,13.056666666666667,2.95,1.0366666666666666,
1967-05,3939.0,,,,5.0,3.42258064516129,0.5483870967741935,,0.0,4.861290322580645,10.206451612903225,,12.83548387096774,69.16129032258064,19.051612903225806,8.358064516129033,7.690322580645161,
1967-06,3939.0,,,,5.0,1.6600000000000001,0.5333333333333333,,0.0,4.343333333333334,12.763333333333332,,15.33,72.8,21.013333333333332,10.71,10.136666666666667,
1967-07,3939.0,,,,5.0,1.8193548387096774,0.3870967741935484,,0.0,3.0999999999999996,15.625806451612902,,19.903225806451612,67.35483870967742,25.84193548387097,14.896774193548387,11.883870967741935,
1967-08,3939.0,,,,5.0,2.4000000000000004,0.5161290322580645,,0.0,4.170967741935484,15.05483870967742,,16.690322580645162,78.0,22.44193548387097,12.90967741935484,8.593548387096773,
1967-09,3939.0,,,,5.0,5.0633333333333335,0.5,,0.0,5.21,13.963333333333333,,13.663333333333332,86.36666666666666,18.733333333333334,10.126666666666667,5.923333333333333,
1967-10,3939.0,,,,5.0,3.7161290322580647,0.6451612903225806,,0.0,5.561290322580645,12.209677419354838,,11.358064516129033,87.19354838709677,15.412903225806453,8.509677419354839,4.448387096774193,
1967-11,3939.0,,,,5.0,2.7266666666666666,1.2333333333333334,,0.16666666666666666,5.526666666666667,7.203333333333333,,3.6733333333333333,88.0,6.6866666666666665,1.4566666666666666,-3.0233333333333334,
1967-12,3939.0,,,,5.0,2.9000000000000004,2.5161290322580645,,1.5806451612903225,6.451612903225806,5.732258064516128,,-0.2354838709677419,91.03225806451613,1.9096774193548385,-2.109677419354839,-5.419354838709677,
1968-01,3939.0,,,,5.0,3.0032258064516126,3.064516129032258,,9.612903225806452,6.393548387096774,5.758064516129032,,-0.3774193548387097,91.29032258064517,2.161290322580645,-2.832258064516129,-6.851612903225806,
1968-02,3939.0,,,,5.0,2.451724137931034,1.5517241379310345,,1.3448275862068966,5.993103448275862,6.486206896551724,,1.8482758620689657,90.41379310344827,4.810344827586207,-0.2724137931034482,-3.9344827586206894,
1968-03,3939.0,,,,5.0,1.9387096774193548,2.806451612903226,,0.1935483870967742,4.964516129032258,7.819354838709677,,5.199999999999999,86.41935483870968,9.648387096774194,1.8806451612903228,-0.6451612903225806,
1968-04,3939.0,,,,5.0,2.8066666666666666,0.9333333333333333,,0.06666666666666667,4.04,10.626666666666667,,10.013333333333332,82.33333333333333,15.7,5.546666666666667,3.716666666666667,
1968-05,3939.0,,,,5.0,3.206451612903226,0.6129032258064516,,0.0,5.583870967741936,11.896774193548387,,11.241935483870968,86.29032258064517,16.29032258064516,7.329032258064516,4.703225806451614,
1968-06,3939.0,,,,5.0,1.6033333333333333,0.4666666666666667,,0.0,4.806666666666667,14.69,,15.526666666666667,81.6,20.516666666666666,11.55,8.193333333333333,
1968-07,3939.0,,,,5.0,2.603225806451613,0.6129032258064516,,0.0,4.732258064516128,15.687096774193549,,16.76774193548387,81.45161290322581,22.190322580645162,12.448387096774193,9.40967741935484,
1968-08,3939.0,,,,5.0,6.912903225806452,0.7741935483870968,,0.0,5.887096774193548,15.816129032258065,,15.951612903225806,86.16129032258064,20.532258064516128,12.72258064516129,9.161290322580646,
1968-09,3939.0,,,,5.0,4.4366666666666665,0.6666666666666666,,0.0,5.683333333333334,13.056666666666667,,13.33,84.6,17.80666666666667,10.553333333333335,7.903333333333333,
1968-10,3939.0,,,,5.0,1.8548387096774193,0.45161290322580644,,0.0,5.77741935483871,10.98709677419355,,10.72258064516129,83.87096774193549,14.706451612903225,8.158064516129032,5.622580645161291,
1968-11,3939.0,,,,5.0,0.9600000000000001,0.9666666666666667,,0.7,6.676666666666667,7.3,,3.606666666666667,87.6,6.09,2.02,0.9700000000000001,
1968-12,3939.0,,,,5.0,2.2451612903225806,3.2903225806451615,,2.4838709677419355,6.648387096774194,5.335483870967742,,-1.2354838709677418,92.38709677419355,0.4064516129032258,-2.703225806451613,-3.732258064516129,
1969-01,3939.0,,,,5.0,1.8741935483870968,1.3548387096774193,,7.032258064516129,6.893548387096774,6.590322580645162,,1.6161290322580646,93.2258064516129,3.5483870967741935,-0.4129032258064516,-1.6870967741935483,
1969-02,3939.0,,,,5.0,3.2785714285714285,3.4642857142857144,,15.785714285714286,5.971428571428571,5.364285714285714,,-1.3392857142857142,91.21428571428571,1.3571428571428572,-3.6785714285714284,-4.692857142857143,
1969-03,3939.0,,,,5.0,2.0806451612903225,1.903225806451613,,0.0,5.745161290322581,7.496774193548387,,3.5064516129032257,92.19354838709677,6.916129032258064,0.8322580645161289,-0.5935483870967742,
1969-04,3939.0,,,,5.0,3.2,2.033333333333333,,0.16666666666666666,5.16,8.736666666666668,,7.756666666666667,84.06666666666666,11.966666666666667,4.1866666666666665,2.86,
1969-05,3939.0,,,,5.0,2.9419354838709677,0.6129032258064516,,0.0,5.090322580645162,13.706451612903225,,13.567741935483872,86.19354838709677,19.112903225806452,9.151612903225805,7.116129032258065,
1969-06,3939.0,,,,5.0,3.1,0.6333333333333333,,0.0,4.986666666666666,13.876666666666667,,14.6,82.76666666666667,19.553333333333335,10.610000000000001,7.973333333333333,
1969-07,3939.0,,,,5.0,1.6387096774193548,0.3870967741935484,,0.0,4.470967741935484,16.316129032258065,,19.23548387096774,72.87096774193549,24.838709677419356,14.596774193548388,11.964516129032257,
1969-08,3939.0,,,,5.0,2.9000000000000004,0.5161290322580645,,0.0,4.951612903225806,14.36774193548387,,16.712903225806453,76.0,22.003225806451614,13.329032258064515,11.558064516129033,
1969-09,3939.0,,,,5.0,1.15,0.3333333333333333,,0.0,3.4066666666666667,13.379999999999999,,14.693333333333333,79.26666666666667,19.796666666666667,11.013333333333332,8.426666666666668,
1969-10,3939.0,,,,5.0,0.1064516129032258,0.0967741935483871,,0.0,3.987096774193548,10.761290322580646,,10.651612903225805,82.70967741935483,15.625806451612902,6.619354838709677,4.558064516129033,
1969-11,3939.0,,,,5.0,3.466666666666667,2.1,,0.6666666666666666,6.386666666666667,7.9399999999999995,,5.02,87.83333333333333,8.17,2.6633333333333336,1.3466666666666667,
1969-12,3939.0,,,,5.0,1.5419354838709676,3.3548387096774195,,9.419354838709678,6.974193548387096,4.390322580645161,,-3.306451612903226,88.96774193548387,-1.6064516129032258,-5.109677419354839,-6.22258064516129,
1970-01,3939.0,,,,5.0,2.161290322580645,2.225806451612903,,14.419354838709678,7.006451612903225,5.674193548387097,,-0.36774193548387096,92.3225806451613,1.532258064516129,-2.164516129032258,-3.232258064516129,
1970-02,3939.0,,,,5.0,6.367857142857143,5.035714285714286,,2.75,6.364285714285714,5.678571428571429,,0.3107142857142858,87.42857142857143,3.039285714285714,-2.0714285714285716,-3.5964285714285715,
1970-03,3939.0,,,,5.0,2.106451612903226,3.161290322580645,,3.806451612903226,5.532258064516129,5.835483870967742,,1.7516129032258063,81.87096774193549,5.467741935483871,-1.0741935483870966,-3.1774193548387095,
1970-04,3939.0,,,,5.0,4.19,3.6333333333333333,,0.43333333333333335,6.296666666666667,7.3100000000000005,,5.586666666666667,79.0,9.639999999999999,3.19,0.7366666666666667,
1970-05,3939.0,,,,5.0,4.816129032258065,0.6451612903225806,,0.0,4.751612903225807,9.838709677419354,,12.170967741935485,70.48387096774194,16.97741935483871,7.800000000000001,5.161290322580645,
1970-06,3939.0,,,,5.0,3.993333333333333,0.6333333333333333,,0.0,4.1866666666666665,14.113333333333333,,17.516666666666666,69.73333333333333,23.163333333333334,13.146666666666667,9.803333333333335,
1970-07,3939.0,,,,5.0,3.3161290322580648,0.6774193548387096,,0.0,4.790322580645161,13.86774193548387,,16.31935483870968,74.38709677419355,21.351612903225806,11.990322580645161,9.19032258064516,
1970-08,3939.0,,,,5.0,1.4838709677419355,0.45161290322580644,,0.0,4.325806451612903,14.880645161290323,,17.661290322580644,73.38709677419355,23.25483870967742,13.619354838709677,11.587096774193547,
1970-09,3939.0,,,,5.0,1.6133333333333333,0.4666666666666667,,0.0,3.42,12.246666666666666,,14.629999999999999,73.53333333333333,20.426666666666666,10.51,8.610000000000001,
1970-10,3939.0,,,,5.0,2.070967741935484,0.5161290322580645,,0.0,5.948387096774193,9.919354838709678,,9.087096774193547,84.06451612903226,12.229032258064517,6.738709677419355,4.706451612903226,
1970-11,3939.0,,,,5.0,1.9566666666666666,0.9,,0.16666666666666666,5.989999999999999,7.956666666666666,,6.36,81.93333333333334,9.166666666666666,4.036666666666666,2.2333333333333334,
1970-12,3939.0,,,,5.0,1.7870967741935484,1.935483870967742,,2.4516129032258065,6.358064516129032,5.706451612903226,,0.11612903225806456,88.03225806451613,2.141935483870968,-1.729032258064516,-2.5387096774193547,
1971-01,3939.0,,,,5.0,1.8064516129032258,0.9032258064516129,,6.903225806451613,5.287096774193548,5.390322580645161,,0.4935483870967742,81.61290322580645,3.390322580645161,-2.074193548387097,-3.4451612903225803,
1971-02,3939.0,,,,5.0,0.7964285714285715,1.7142857142857142,,0.10714285714285714,6.435714285714285,5.7821428571428575,,1.5035714285714286,82.96428571428571,3.932142857142857,-0.5321428571428571,-1.5071428571428573,
1971-03,3939.0,,,,5.0,1.367741935483871,2.838709677419355,,1.3225806451612903,5.761290322580645,5.325806451612903,,1.6774193548387097,74.70967741935483,5.577419354838709,-1.525806451612903,-2.8193548387096774,
1971-04,3939.0,,,,5.0,0.9066666666666666,0.3333333333333333,,0.0,3.58,7.420000000000001,,10.833333333333334,59.233333333333334,16.896666666666665,5.54,3.4866666666666664,
1971-05,3939.0,,,,5.0,2.425806451612903,0.45161290322580644,,0.0,5.032258064516129,11.332258064516129,,14.906451612903227,67.0,20.364516129032257,10.67741935483871,8.59032258064516,
1971-06,3939.0,,,,5.0,3.6933333333333334,0.6666666666666666,,0.0,5.7,11.893333333333334,,13.97,74.3,19.1,10.486666666666668,8.526666666666667,
1971-07,3939.0,,,,5.0,0.5580645161290322,0.25806451612903225,,0.0,3.4967741935483874,13.438709677419354,,19.700000000000003,58.45161290322581,26.051612903225806,14.2,11.816129032258065,
1971-08,3939.0,,,,5.0,1.7838709677419353,0.5806451612903226,,0.0,4.138709677419355,13.903225806451612,,17.929032258064513,68.3225806451613,24.003225806451614,13.696774193548388,11.651612903225805,
1971-09,3939.0,,,,5.0,0.45666666666666667,0.3333333333333333,,0.0,3.243333333333333,10.1,,13.743333333333334,64.63333333333334,19.766666666666666,9.413333333333332,7.5233333333333325,
1971-10,3939.0,,,,5.0,0.8838709677419354,0.3548387096774194,,0.0,3.2193548387096773,9.154838709677419,,10.37741935483871,70.61290322580645,15.919354838709678,6.416129032258064,4.648387096774194,
1971-11,3939.0,,,,5.0,3.7133333333333334,2.533333333333333,,1.9333333333333333,6.2733333333333325,6.66,,3.0233333333333334,86.16666666666667,6.11,0.61,-0.21333333333333335,
1971-12,3939.0,,,,5.0,0.7354838709677419,1.0,,0.12903225806451613,6.435483870967742,6.696774193548387,,2.906451612903226,86.38709677419355,5.564516129032258,0.4774193548387097,-0.529032258064516,
1972-01,3939.0,,,,5.0,0.8612903225806451,3.3548387096774195,,1.2580645161290323,6.364516129032259,5.074193548387097,,-0.7548387096774193,83.7741935483871,1.4903225806451614,-2.3225806451612905,-2.8741935483870966,
1972-02,3939.0,,,,5.0,0.9,0.5862068965517241,,0.5172413793103449,6.472413793103448,6.124137931034483,,3.5344827586206895,78.62068965517241,6.717241379310345,0.8241379310344829,-0.4551724137931034,
1972-03,3939.0,,,,5.0,1.4645161290322581,0.6774193548387096,,0.0,4.199999999999999,6.148387096774194,,6.864516129032259,63.96774193548387,11.961290322580645,2.7580645161290325,1.2870967741935484,
1972-04,3939.0,,,,5.0,2.0766666666666667,0.8666666666666667,,0.0,5.526666666666667,7.233333333333333,,7.776666666666667,68.56666666666666,11.9,4.456666666666666,2.7366666666666664,
1972-05,3939.0,,,,5.0,3.4516129032258065,0.6774193548387096,,0.0,6.093548387096774,9.661290322580646,,10.948387096774193,74.45161290322581,15.45483870967742,7.693548387096774,5.925806451612903,
1972-06,3939.0,,,,5.0,2.47,0.5666666666666667,,0.0,4.7733333333333325,11.003333333333334,,14.303333333333335,68.73333333333333,19.279999999999998,10.006666666666666,8.276666666666667,
1972-07,3939.0,,,,5.0,2.0516129032258066,0.3870967741935484,,0.0,5.012903225806451,14.396774193548387,,18.006451612903227,69.93548387096774,23.18064516129032,14.14516129032258,12.183870967741935,
1972-08,3939.0,,,,5.0,4.396774193548387,0.5483870967741935,,0.0,4.516129032258065,13.283870967741937,,16.00967741935484,72.38709677419355,20.893548387096775,12.503225806451614,10.793548387096775,
1972-09,3939.0,,,,5.0,1.1833333333333333,0.26666666666666666,,0.0,4.08,10.120000000000001,,11.226666666666667,75.23333333333333,16.116666666666667,7.703333333333333,5.96,
1972-10,3939.0,,,,5.0,0.6903225806451613,0.3870967741935484,,0.0,3.5870967741935487,7.858064516129032,,8.270967741935483,72.64516129032258,13.10967741935484,4.661290322580645,2.7774193548387096,
1972-11,3939.0,,,,5.0,4.25,2.2,,0.13333333333333333,5.98,7.22,,4.13,85.96666666666667,7.22,1.9733333333333334,0.8533333333333334,
1972-12,3939.0,,,,5.0,0.9354838709677418,0.3225806451612903,,0.0,4.558064516129033,5.190322580645161,,0.7161290322580645,78.25806451612904,3.6225806451612903,-1.364516129032258,-2.92258064516129,
1973-01,3939.0,,,,5.0,0.732258064516129,1.3548387096774193,,0.25806451612903225,6.132258064516129,5.33225806451613,,1.4325458382260084e-17,85.74193548387096,2.3096774193548386,-1.925806451612903,-3.52258064516129,
1973-02,3939.0,,,,5.0,2.2785714285714285,3.9285714285714284,,2.607142857142857,5.785714285714286,5.2178571428571425,,0.6142857142857142,81.28571428571429,3.564285714285714,-1.292857142857143,-3.917857142857143,
1973-03,3939.0,,,,5.0,0.5225806451612903,1.4838709677419355,,0.22580645161290322,4.670967741935484,5.261290322580645,,4.625806451612903,63.32258064516129,9.280645161290321,1.1774193548387097,-3.5677419354838706,
1973-04,3939.0,,,,5.0,1.9233333333333333,2.8333333333333335,,0.06666666666666667,5.586666666666667,6.14,,5.986666666666666,66.9,10.443333333333333,2.29,-0.6033333333333333,
1973-05,3939.0,,,,5.0,2.3483870967741933,0.6129032258064516,,0.0,4.790322580645161,9.764516129032257,,13.229032258064517,64.64516129032258,19.103225806451615,8.80967741935484,7.709677419354839,
1973-06,3939.0,,,,5.0,1.9233333333333333,0.4,,0.0,4.04,11.629999999999999,,16.706666666666667,61.733333333333334,22.290000000000003,11.913333333333332,10.42,
1973-07,3939.0,,,,5.0,2.938709677419355,0.6451612903225806,,0.0,5.009677419354839,12.964516129032257,,17.135483870967743,67.80645161290323,22.60645161290323,13.254838709677419,10.841935483870968,
1973-08,3939.0,,,,5.0,1.632258064516129,0.3548387096774194,,0.0,3.4193548387096775,13.364516129032259,,18.96451612903226,62.54838709677419,25.309677419354838,14.180645161290323,11.738709677419354,
1973-09,3939.0,,,,5.0,1.6433333333333333,0.43333333333333335,,0.0,3.6666666666666665,11.296666666666665,,15.173333333333334,66.13333333333334,21.153333333333332,11.020000000000001,9.166666666666666,
1973-10,3939.0,,,,5.0,2.674193548387097,0.7741935483870968,,0.0,4.574193548387097,8.422580645161291,,8.083870967741936,76.19354838709677,12.432258064516128,5.116129032258065,3.7774193548387096,
1973-11,3939.0,,,,5.0,3.2766666666666664,1.3333333333333333,,0.8,6.036666666666666,6.5633333333333335,,3.6966666666666668,80.33333333333333,6.816666666666666,1.1133333333333333,-0.2133333333333333,
1973-12,3939.0,,,,5.0,2.229032258064516,2.774193548387097,,2.5483870967741935,6.619354838709677,5.354838709677419,,0.28387096774193543,82.74193548387096,2.3354838709677415,-1.8451612903225805,-2.987096774193548,
1974-01,3939.0,,,,5.0,1.7064516129032257,0.7741935483870968,,0.0,6.645161290322581,6.796774193548386,,4.106451612903226,81.7741935483871,6.461290322580646,2.0999999999999996,0.7483870967741936,
1974-02,3939.0,,,,5.0,2.482142857142857,1.9642857142857142,,0.10714285714285714,6.353571428571429,5.953571428571428,,3.5464285714285713,75.39285714285714,6.675,1.457142857142857,-0.525,
1974-03,3939.0,,,,5.0,2.7419354838709675,1.7096774193548387,,0.7096774193548387,6.387096774193548,7.412903225806452,,6.541935483870968,75.70967741935483,10.64516129032258,3.3193548387096774,1.1516129032258065,
1974-04,3939.0,,,,5.0,0.5066666666666667,0.6,,0.0,4.256666666666667,6.22,,9.53,54.63333333333333,14.663333333333332,4.92,1.95,
1974-05,3939.0,,,,5.0,1.5129032258064516,0.5161290322580645,,0.0,4.838709677419355,8.312903225806451,,11.738709677419354,61.58064516129032,17.312903225806455,7.190322580645161,4.67741935483871,
1974-06,3939.0,,,,5.0,2.1,0.6333333333333333,,0.0,4.583333333333333,10.343333333333334,,14.686666666666667,62.86666666666667,20.459999999999997,10.053333333333335,7.653333333333333,
1974-07,3939.0,,,,5.0,2.938709677419355,0.5161290322580645,,0.0,4.919354838709677,12.158064516129032,,15.619354838709677,69.16129032258064,21.051612903225806,11.106451612903227,9.038709677419355,
1974-08,3939.0,,,,5.0,2.606451612903226,0.41935483870967744,,0.0,4.641935483870968,12.438709677419356,,17.5,63.41935483870968,23.08709677419355,13.093548387096773,11.093548387096773,
1974-09,3939.0,,,,5.0,1.6966666666666665,0.6333333333333333,,0.0,5.386666666666667,11.35,,13.193333333333333,74.03333333333333,18.13,9.893333333333334,7.986666666666666,
1974-10,3939.0,,,,5.0,4.670967741935484,1.1612903225806452,,0.0,7.258064516129032,7.467741935483871,,4.729032258064516,86.41935483870968,7.32258064516129,2.925806451612903,0.8451612903225806,
1974-11,3939.0,,,,5.0,2.856666666666667,1.2,,0.0,6.776666666666667,7.573333333333333,,5.12,85.5,7.973333333333333,2.4733333333333336,0.37,
1974-12,3939.0,,,,5.0,3.861290322580645,1.935483870967742,,0.12903225806451613,6.774193548387097,7.790322580645161,,4.561290322580645,89.93548387096774,6.516129032258065,2.512903225806452,0.9580645161290322,
1975-01,3939.0,,,,5.0,2.2451612903225806,1.1612903225806452,,0.0,6.429032258064517,7.290322580645161,,4.474193548387096,86.41935483870968,6.693548387096774,2.103225806451613,0.1612903225806451,
1975-02,3939.0,,,,5.0,0.7928571428571428,0.6785714285714286,,0.0,3.6714285714285713,5.639285714285714,,3.057142857142857,73.85714285714286,7.428571428571429,-1.05,-2.917857142857143,
1975-03,3939.0,,,,5.0,2.2451612903225806,2.4516129032258065,,2.5806451612903225,6.325806451612903,6.674193548387097,,3.5548387096774197,83.6774193548387,6.858064516129032,1.0838709677419356,-1.5193548387096774,
1975-04,3939.0,,,,5.0,1.6833333333333333,2.433333333333333,,0.1,5.3100000000000005,8.083333333333334,,7.7,77.03333333333333,11.903333333333334,3.8333333333333335,1.4066666666666667,
1975-05,3939.0,,,,5.0,1.5451612903225806,0.5161290322580645,,0.0,4.948387096774193,10.14516129032258,,12.074193548387097,71.16129032258064,17.574193548387097,7.319354838709677,4.429032258064517,
1975-06,3939.0,,,,5.0,3.4699999999999998,0.5666666666666667,,0.0,5.15,12.32,,15.143333333333334,70.96666666666667,20.183333333333334,10.203333333333335,7.506666666666666,
1975-07,3939.0,,,,5.0,1.5516129032258066,0.41935483870967744,,0.0,4.041935483870968,15.016129032258064,,18.53548387096774,70.51612903225806,24.003225806451614,13.248387096774193,10.432258064516128,
1975-08,3939.0,,,,5.0,2.07741935483871,0.45161290322580644,,0.0,4.125806451612903,15.606451612903227,,19.14516129032258,71.48387096774194,24.55483870967742,14.593548387096773,11.45483870967742,
1975-09,3939.0,,,,5.0,2.506666666666667,0.4666666666666667,,0.0,5.086666666666667,14.006666666666666,,15.463333333333333,79.5,20.576666666666664,11.413333333333332,9.82,
1975-10,3939.0,,,,5.0,1.0483870967741935,1.096774193548387,,0.0,6.103225806451612,8.719354838709679,,7.412903225806452,83.64516129032258,10.770967741935483,4.77741935483871,3.164516129032258,
1975-11,3939.0,,,,5.0,1.8366666666666667,0.9,,0.0,6.166666666666667,7.036666666666666,,3.6566666666666667,86.0,6.48,0.9366666666666666,-0.38,
1975-12,3939.0,,,,5.0,0.7838709677419355,1.032258064516129,,0.0967741935483871,6.45483870967742,5.435483870967742,,0.2225806451612903,85.06451612903226,2.2451612903225806,-1.7645161290322582,-3.2129032258064516,
1976-01,3939.0,,,,5.0,3.0032258064516126,2.838709677419355,,3.0,7.054838709677419,6.348387096774194,,1.570967741935484,88.16129032258064,3.3225806451612905,-0.2612903225806452,-1.335483870967742,
1976-02,3939.0,,,,5.0,1.1758620689655173,1.5172413793103448,,2.1724137931034484,6.186206896551725,5.951724137931034,,1.4551724137931032,86.48275862068965,4.586206896551724,-1.0517241379310345,-2.1310344827586207,
1976-03,3939.0,,,,5.0,0.835483870967742,0.9032258064516129,,0.0,4.183870967741935,5.061290322580645,,3.261290322580645,64.12903225806451,7.800000000000001,-1.1612903225806452,-1.9451612903225808,
2004-10,3939.0,,,,10.0,2.358064516129032,2.064516129032258,,0.0,5.877419354838709,10.593548387096773,,10.76774193548387,81.48387096774194,14.203225806451613,7.803225806451613,5.83225806451613,
2004-11,3939.0,,,,10.0,1.41,2.4,,0.23333333333333334,6.319999999999999,7.46,,4.1466666666666665,87.9,6.37,1.8166666666666667,-0.03999999999999997,
2004-12,3939.0,,,,10.0,2.0354838709677416,1.6774193548387097,,0.4838709677419355,6.609677419354839,5.735483870967743,,0.31612903225806455,89.70967741935483,2.361290322580645,-1.7419354838709677,-3.3193548387096774,
2005-01,3939.0,,,,10.0,1.7129032258064516,4.419354838709677,,1.8064516129032258,6.093548387096774,6.103225806451612,,1.7677419354838708,84.41935483870968,4.087096774193548,-0.5612903225806452,-2.7451612903225806,
2005-02,3939.0,,,,10.0,2.1464285714285714,4.678571428571429,,5.285714285714286,6.0,4.978571428571429,,-0.6321428571428572,82.42857142857143,2.0964285714285715,-3.192857142857143,-5.510714285714286,
2005-03,3939.0,,,,10.0,1.332258064516129,3.3548387096774195,,3.7096774193548385,5.464516129032258,7.096774193548387,,5.145161290322581,74.93548387096774,9.077419354838709,1.4967741935483871,-1.5193548387096774,
2005-04,3939.0,,,,10.0,1.86,3.2,,0.0,5.28,8.353333333333333,,10.013333333333332,68.5,14.546666666666665,5.596666666666667,3.106666666666667,
2005-05,3939.0,,,,10.0,1.9548387096774194,3.6774193548387095,,0.0,5.077419354838709,10.148387096774194,,13.60967741935484,65.7741935483871,18.55806451612903,8.629032258064516,6.041935483870968,
2005-06,3939.0,,,,10.0,1.45,2.0,,0.0,4.41,12.393333333333334,,17.716666666666665,61.9,22.803333333333335,12.043333333333333,9.416666666666666,
2005-07,3939.0,,,,10.0,2.0516129032258066,2.903225806451613,,0.0,5.17741935483871,13.774193548387096,,18.45483870967742,66.90322580645162,23.5258064516129,13.73225806451613,11.316129032258065,
2005-08,3939.0,,,,10.0,2.196774193548387,2.903225806451613,,0.0,4.758064516129032,12.851612903225806,,15.941935483870967,72.2258064516129,20.76451612903226,11.129032258064516,8.26774193548387,
2005-09,3939.0,,,,10.0,1.18,2.2,,0.0,5.123333333333333,12.693333333333333,,15.870000000000001,70.33333333333333,20.796666666666667,11.2,8.586666666666668,
2005-10,3939.0,,,,10.0,1.103225806451613,2.129032258064516,,0.0,4.919354838709677,11.338709677419354,,12.458064516129031,78.35483870967742,16.809677419354838,8.790322580645162,5.835483870967742,
2005-11,3939.0,,,,10.0,1.5633333333333332,3.933333333333333,,1.4,6.34,7.416666666666667,,4.34,85.53333333333333,6.930000000000001,1.7733333333333334,-0.7466666666666666,
2005-12,3939.0,,,,10.0,2.545161290322581,4.645161290322581,,2.3870967741935485,6.893548387096774,5.735483870967742,,0.5612903225806452,88.2258064516129,2.2193548387096773,-1.441935483870968,-2.661290322580645,
2006-01,3939.0,,,,10.0,0.8193548387096774,2.3225806451612905,,0.967741935483871,5.541935483870968,4.641935483870968,,-1.2677419354838708,81.41935483870968,1.2967741935483872,-3.9838709677419355,-5.767741935483871,
2006-02,3939.0,,,,10.0,1.8678571428571427,3.857142857142857,,0.42857142857142855,6.8,5.260714285714286,,0.35714285714285715,82.0,2.6928571428571426,-1.925,-3.5892857142857144,
2006-03,3939.0,,,,10.0,2.5903225806451613,4.096774193548387,,2.3870967741935485,6.04516129032258,6.054838709677419,,2.8870967741935485,76.45161290322581,6.425806451612903,-0.10322580645161288,-1.6225806451612905,
2006-04,3939.0,,,,10.0,1.4066666666666667,3.2,,0.0,5.84,7.53,,8.66,67.1,12.83,4.286666666666666,1.4733333333333334,
2006-05,3939.0,,,,10.0,3.0290322580645164,3.5483870967741935,,0.0,6.135483870967741,10.229032258064517,,13.345161290322581,68.48387096774194,17.793548387096774,9.083870967741936,6.751612903225807,
2006-06,3939.0,,,,10.0,1.52,1.8,,0.0,4.27,12.246666666666666,,17.546666666666667,61.6,22.793333333333333,11.97,8.956666666666667,
2006-07,3939.0,,,,10.0,1.332258064516129,1.935483870967742,,0.0,3.990322580645161,15.22258064516129,,22.993548387096773,56.16129032258065,28.661290322580644,17.425806451612903,13.925806451612903,
2006-08,3939.0,,,,10.0,4.719354838709678,4.838709677419355,,0.0,6.406451612903226,13.0,,14.890322580645162,77.70967741935483,19.15806451612903,11.754838709677419,10.064516129032258,
2006-09,3939.0,,,,10.0,2.6199999999999997,2.0,,0.0,4.996666666666667,14.81,,17.323333333333334,75.53333333333333,21.796666666666667,13.04,10.610000000000001,
2006-10,3939.0,,,,10.0,3.5032258064516126,3.7419354838709675,,0.0,5.445161290322581,12.116129032258065,,12.73225806451613,81.90322580645162,16.27741935483871,9.325806451612904,6.825806451612903,
2006-11,3939.0,,,,10.0,1.8299999999999998,4.066666666666666,,0.0,5.616666666666666,8.696666666666665,,7.306666666666667,84.36666666666666,10.31,4.116666666666666,1.63,
2006-12,3939.0,,,,10.0,1.238709677419355,2.193548387096774,,0.0,6.096774193548387,6.861290322580645,,4.251612903225807,81.16129032258064,6.951612903225806,1.8870967741935485,-0.5225806451612903,
2007-01,3939.0,,,,10.0,2.3,4.612903225806452,,0.12903225806451613,6.883870967741935,7.419354838709677,,4.551612903225807,83.12903225806451,6.393548387096774,2.370967741935484,0.8258064516129032,
2007-02,3939.0,,,,10.0,3.792857142857143,4.142857142857143,,0.0,6.267857142857143,7.246428571428572,,5.028571428571429,83.07142857142857,7.942857142857143,2.307142857142857,0.6749999999999999,
2007-03,3939.0,,,,10.0,2.593548387096774,3.6774193548387095,,0.3225806451612903,5.261290322580645,6.774193548387097,,6.035483870967742,73.7741935483871,10.025806451612903,2.4096774193548387,0.3064516129032258,
2007-04,3939.0,,,,10.0,0.060000000000000005,0.2,,0.0,2.7,7.7266666666666675,,13.843333333333334,50.63333333333333,19.993333333333332,6.98,3.356666666666667,
2007-05,3939.0,,,,10.0,3.141935483870968,3.4838709677419355,,0.0,5.535483870967742,10.870967741935484,,14.577419354838709,66.51612903225806,19.206451612903226,9.693548387096774,7.238709677419355,
2007-06,3939.0,,,,10.0,3.8933333333333335,4.6,,0.0,5.656666666666666,14.096666666666666,,17.173333333333336,73.06666666666666,21.92,12.766666666666667,10.979999999999999,
2007-07,3939.0,,,,10.0,3.232258064516129,3.870967741935484,,0.0,5.529032258064516,13.33548387096774,,16.822580645161292,71.09677419354838,21.174193548387095,12.73225806451613,10.238709677419354,
2007-08,3939.0,,,,10.0,2.435483870967742,2.7096774193548385,,0.0,5.319354838709677,13.619354838709677,,16.770967741935483,72.2258064516129,21.33225806451613,12.574193548387097,10.332258064516129,
2007-09,3939.0,,,,10.0,1.8066666666666664,2.4,,0.0,5.54,10.996666666666666,,12.446666666666665,76.63333333333334,16.806666666666665,7.9366666666666665,4.736666666666666,
2007-10,3939.0,,,,10.0,0.3258064516129032,1.1612903225806452,,0.0,5.409677419354838,9.45483870967742,,9.416129032258064,77.90322580645162,13.470967741935485,5.519354838709678,3.0677419354838706,
2007-11,3939.0,,,,10.0,2.03,5.1,,0.16666666666666666,6.676666666666667,7.013333333333334,,3.7633333333333336,85.8,6.366666666666666,1.25,-0.49333333333333335,
2007-12,3939.0,,,,10.0,2.203225806451613,3.193548387096774,,0.03225806451612903,5.841935483870968,5.825806451612903,,1.2870967741935484,83.2258064516129,3.4967741935483874,-0.8387096774193549,-2.3741935483870966,
2008-01,3939.0,,,,10.0,1.6548387096774193,3.838709677419355,,0.06451612903225806,6.706451612903226,6.480645161290322,,3.8677419354838714,79.0,6.33225806451613,1.4129032258064518,-0.635483870967742,
2008-02,3939.0,,,,10.0,2.0448275862068965,2.0689655172413794,,0.0,4.317241379310345,6.0103448275862075,,4.475862068965518,69.96551724137932,8.506896551724138,1.0310344827586206,-1.6551724137931034,
2008-03,3939.0,,,,10.0,4.041935483870968,5.064516129032258,,1.4193548387096775,6.735483870967743,6.503225806451613,,4.251612903225807,77.61290322580645,7.438709677419355,1.364516129032258,-0.7096774193548387,
2008-04,3939.0,,,,10.0,2.3633333333333337,4.5,,0.1,6.803333333333333,7.556666666666667,,7.623333333333333,73.4,11.413333333333332,4.043333333333333,1.7766666666666666,
2008-05,3939.0,,,,10.0,1.635483870967742,1.8064516129032258,,0.0,4.406451612903226,10.251612903225807,,16.09032258064516,56.87096774193548,20.741935483870968,11.009677419354839,7.783870967741936,
2008-06,3939.0,,,,10.0,3.7800000000000002,3.6,,0.0,5.843333333333334,13.41,,16.836666666666666,70.53333333333333,21.623333333333335,11.94,9.729999999999999,
2008-07,3939.0,,,,10.0,2.2580645161290325,3.4838709677419355,,0.0,5.425806451612903,13.625806451612902,,17.98709677419355,67.16129032258064,23.009677419354837,12.83548387096774,10.13225806451613,
2008-08,3939.0,,,,10.0,3.064516129032258,3.2903225806451615,,0.0,5.716129032258064,14.154838709677419,,17.07741935483871,73.51612903225806,21.567741935483873,12.938709677419356,10.345161290322581,
2008-09,3939.0,,,,10.0,1.54,2.6,,0.0,5.376666666666667,10.923333333333334,,12.073333333333332,75.96666666666667,16.066666666666666,7.930000000000001,5.403333333333333,
2008-10,3939.0,,,,10.0,2.5354838709677416,3.2903225806451615,,0.0,6.461290322580646,9.858064516129033,,9.387096774193548,82.2258064516129,12.832258064516129,6.012903225806451,4.003225806451613,
2008-11,3939.0,,,,10.0,1.2466666666666666,3.9,,0.3,6.803333333333333,7.596666666666667,,5.1066666666666665,84.3,7.6433333333333335,2.4466666666666668,0.0066666666666666576,
2008-12,3939.0,,,,10.0,1.6806451612903226,3.4193548387096775,,0.25806451612903225,6.490322580645161,5.790322580645161,,0.767741935483871,87.25806451612904,2.725806451612903,-1.1548387096774193,-2.383870967741936,
2009-01,3939.0,,,,10.0,1.4129032258064516,1.935483870967742,,0.6129032258064516,5.02258064516129,4.52258064516129,,-1.3709677419354838,79.6774193548387,1.8838709677419354,-4.616129032258065,-7.180645161290323,
2009-02,3939.0,,,,10.0,2.157142857142857,5.75,,2.0357142857142856,6.753571428571428,5.489285714285714,,0.8571428571428571,82.57142857142857,3.617857142857143,-1.707142857142857,-3.7357142857142853,
2009-03,3939.0,,,,10.0,2.858064516129032,3.161290322580645,,0.22580645161290322,6.425806451612903,6.209677419354839,,4.564516129032258,73.87096774193549,8.048387096774194,0.9838709677419355,-1.441935483870968,
2009-04,3939.0,,,,10.0,1.3666666666666667,1.4,,0.0,4.803333333333333,8.686666666666667,,12.133333333333333,64.13333333333334,17.2,7.1433333333333335,4.023333333333333,
2009-05,3939.0,,,,10.0,0.8032258064516129,2.903225806451613,,0.0,5.448387096774193,11.087096774193547,,14.387096774193548,68.3225806451613,19.438709677419357,8.961290322580645,6.129032258064516,
2009-06,3939.0,,,,10.0,3.106666666666667,2.8,,0.0,5.123333333333333,12.073333333333332,,15.743333333333334,67.73333333333333,20.46333333333333,10.706666666666667,8.113333333333333,
2009-07,3939.0,,,,10.0,4.370967741935484,4.064516129032258,,0.0,5.745161290322581,14.241935483870968,,17.84193548387097,70.48387096774194,22.651612903225807,13.316129032258065,11.006451612903225,
2009-08,3939.0,,,,10.0,1.5258064516129033,2.129032258064516,,0.0,4.461290322580646,14.425806451612903,,19.374193548387098,65.45161290322581,24.42258064516129,14.187096774193549,11.264516129032257,
2009-09,3939.0,,,,10.0,1.0833333333333333,1.4,,0.0,5.483333333333333,12.360000000000001,,14.876666666666667,73.8,19.790000000000003,10.47,7.6899999999999995,
2009-10,3939.0,,,,10.0,1.7677419354838708,2.5806451612903225,,0.0,5.625806451612903,9.3,,9.083870967741936,78.38709677419355,13.01290322580645,5.406451612903226,2.793548387096774,
2009-11,3939.0,,,,10.0,3.6533333333333333,4.8,,0.0,6.866666666666666,8.620000000000001,,7.916666666666667,80.93333333333334,10.546666666666665,5.493333333333334,3.6766666666666667,
2009-12,3939.0,,,,10.0,3.893548387096774,5.161290322580645,,1.1290322580645162,7.019354838709678,6.093548387096774,,1.3225806451612903,84.83870967741936,3.9193548387096775,-1.1612903225806452,-2.8225806451612905,
2010-01,3939.0,,,,10.0,1.567741935483871,5.709677419354839,,4.0,7.629032258064516,4.693548387096774,,-2.4838709677419355,89.96774193548387,-0.8,-4.638709677419355,-5.835483870967742,
2010-02,3939.0,,,,10.0,3.085714285714286,5.214285714285714,,3.9285714285714284,7.075,5.653571428571429,,0.9500000000000001,83.39285714285714,3.3642857142857143,-1.0571428571428572,-2.432142857142857,
2010-03,3939.0,,,,10.0,1.903225806451613,2.838709677419355,,0.7419354838709677,5.83225806451613,6.103225806451612,,4.867741935483871,67.03225806451613,8.583870967741936,1.2548387096774194,-0.8806451612903226,
2010-04,3939.0,,,,10.0,1.0866666666666667,2.033333333333333,,0.0,4.616666666666666,6.903333333333333,,10.04,58.5,15.116666666666667,4.666666666666667,1.4433333333333331,
2010-05,3939.0,,,,10.0,3.4741935483870967,4.258064516129032,,0.0,6.906451612903226,9.751612903225807,,10.661290322580646,76.3225806451613,14.574193548387097,6.767741935483872,4.938709677419355,
2010-06,3939.0,,,,10.0,1.7766666666666668,2.0,,0.0,5.010000000000001,11.99,,17.063333333333333,63.2,22.466666666666665,11.303333333333335,8.84,
2010-07,3939.0,,,,10.0,3.5870967741935487,2.903225806451613,,0.0,4.887096774193548,14.44516129032258,,20.02258064516129,63.903225806451616,25.287096774193547,14.23225806451613,11.329032258064515,
2010-08,3939.0,,,,10.0,4.919354838709677,3.870967741935484,,0.0,6.135483870967741,13.896774193548387,,16.70967741935484,73.58064516129032,20.993548387096773,12.351612903225806,10.235483870967743,
2010-09,3939.0,,,,10.0,2.7366666666666664,2.8,,0.0,5.413333333333333,11.096666666666666,,12.58,76.9,16.94,8.41,5.903333333333333,
2010-10,3939.0,,,,10.0,1.1741935483870967,2.7096774193548385,,0.0,5.580645161290323,8.793548387096775,,8.66451612903226,77.06451612903226,12.835483870967742,4.974193548387096,2.6451612903225805,
2010-11,3939.0,,,,10.0,4.013333333333334,5.233333333333333,,1.9,7.346666666666667,7.92,,5.17,87.1,7.033333333333333,3.3833333333333333,2.01,
2010-12,3939.0,,,,10.0,4.770967741935484,5.806451612903226,,11.129032258064516,7.496774193548387,5.109677419354839,,-1.9870967741935484,93.74193548387096,-3.581364595565021e-18,-4.15483870967742,-5.716129032258064,
2011-01,3939.0,,,,10.0,2.706451612903226,3.838709677419355,,1.6451612903225807,6.532258064516129,6.529032258064516,,1.6774193548387097,89.74193548387096,4.032258064516129,-0.7354838709677419,-2.116129032258064,
2011-02,3939.0,,,,10.0,0.8857142857142858,2.9642857142857144,,0.6785714285714286,7.128571428571428,6.553571428571429,,2.632142857142857,87.0,5.314285714285715,-0.07142857142857147,-1.2035714285714287,
2011-03,3939.0,,,,10.0,0.39354838709677425,2.129032258064516,,0.0,4.393548387096774,6.6,,7.093548387096774,65.09677419354838,11.922580645161291,2.448387096774194,-0.3870967741935484,
2011-04,3939.0,,,,10.0,0.7366666666666667,2.1333333333333333,,0.0,4.363333333333333,8.646666666666667,,13.006666666666666,59.53333333333333,18.646666666666665,7.033333333333333,2.96,
2011-05,3939.0,,,,10.0,0.4774193548387097,1.935483870967742,,0.0,4.170967741935484,9.16451612903226,,15.206451612903225,54.87096774193548,21.067741935483873,8.574193548387097,4.303225806451613,
2011-06,3939.0,,,,10.0,2.1166666666666667,3.6,,0.0,6.3133333333333335,13.413333333333332,,16.853333333333335,70.76666666666667,21.59,12.07,9.766666666666667,
2011-07,3939.0,,,,10.0,2.1870967741935483,3.4838709677419355,,0.0,6.519354838709678,13.30967741935484,,15.803225806451612,75.58064516129032,20.654838709677417,11.480645161290322,9.04516129032258,
2011-08,3939.0,,,,10.0,2.667741935483871,2.903225806451613,,0.0,5.748275862068965,15.735483870967743,,18.17096774193548,75.61290322580645,23.22258064516129,13.370967741935484,11.04516129032258,
2011-09,3939.0,,,,10.0,0.9733333333333333,2.6,,0.0,4.65,14.020000000000001,,16.193333333333335,76.16666666666667,21.166666666666668,11.446666666666665,8.286666666666667,
2011-10,3939.0,,,,10.0,1.2548387096774194,2.903225806451613,,0.0,4.790322580645161,10.399999999999999,,10.083870967741936,82.80645161290323,14.100000000000001,6.383870967741935,4.0,
2011-11,3939.0,,,,10.0,0.11666666666666667,1.6,,0.0,6.193333333333333,8.45,,5.78,90.66666666666667,9.013333333333332,3.1233333333333335,1.6066666666666667,
2011-12,3939.0,,,,10.0,5.061290322580645,5.741935483870968,,0.5806451612903226,7.548387096774194,7.5,,4.109677419354839,90.6774193548387,6.212903225806452,1.4903225806451614,0.34516129032258064,
2012-01,3939.0,,,,10.0,3.3806451612903223,2.838709677419355,,0.16129032258064516,,6.800000000000001,,2.606451612903226,89.51612903225806,4.919354838709677,0.27419354838709675,-1.2838709677419353,
2012-02,3939.0,,,,10.0,0.6689655172413793,1.6551724137931034,,1.103448275862069,,4.720689655172414,,-2.3379310344827586,78.96551724137932,0.893103448275862,-5.606896551724137,-7.413793103448276,
2012-03,3939.0,,,,10.0,0.39032258064516134,0.7741935483870968,,0.0,,7.158064516129032,,8.625806451612902,66.6774193548387,13.612903225806452,3.6258064516129034,0.22580645161290325,
2012-04,3939.0,,,,10.0,2.066666666666667,2.8,,0.0,,7.7,,8.47,70.46666666666667,13.046666666666665,4.373333333333333,1.8900000000000001,
2012-05,3939.0,,,,10.0,2.238709677419355,2.4516129032258065,,,,11.54516129032258,,14.67741935483871,69.58064516129032,19.97741935483871,9.241935483870968,6.325806451612903,
2012-06,3939.0,,,,10.0,3.003333333333333,2.533333333333333,,,,13.770000000000001,,16.083333333333332,75.33333333333333,20.88,11.563333333333333,9.363333333333333,
2012-07,3939.0,,,,10.0,2.0548387096774197,2.4516129032258065,,,,14.274193548387096,,17.4741935483871,72.7741935483871,21.983870967741936,12.77741935483871,10.3,
2012-08,3939.0,,,,10.0,1.167741935483871,1.5483870967741935,,,,14.587096774193547,,19.493548387096773,66.41935483870968,24.64516129032258,13.964516129032257,10.7,
2012-09,3939.0,,,,10.0,1.8733333333333335,1.4666666666666666,,,,11.506666666666666,,14.323333333333332,72.5,19.683333333333334,9.2,5.8100000000000005,
2012-10,3939.0,,,,10.0,1.967741935483871,1.8064516129032258,,0.0967741935483871,,9.929032258064517,,9.580645161290322,81.74193548387096,13.693548387096774,5.761290322580645,3.3451612903225807,
2012-11,3939.0,,,,10.0,3.1566666666666667,2.0,,0.0,,8.37,,5.7266666666666675,90.43333333333334,8.393333333333334,3.2066666666666666,1.37,
2012-12,3939.0,,,,10.0,4.183870967741935,3.225806451612903,,1.5161290322580645,,7.009677419354838,,2.883870967741936,90.29032258064517,5.0,0.6032258064516128,-1.3225806451612903,
2013-01,3939.0,,,,10.0,1.5,2.7096774193548385,,2.3870967741935485,,6.15483870967742,,0.4612903225806451,93.29032258064517,1.9580645161290324,-1.229032258064516,-2.361290322580645,
2013-02,3939.0,,,,10.0,1.7392857142857143,2.2857142857142856,,3.5357142857142856,,5.239285714285714,,-0.8357142857142856,88.67857142857143,1.2,-3.3785714285714286,-5.410714285714286,
2013-03,3939.0,,,,10.0,1.5838709677419356,1.2903225806451613,,0.3870967741935484,,5.441935483870967,,1.9548387096774194,75.96774193548387,5.670967741935484,-1.4580645161290322,-3.07741935483871,
2013-04,3939.0,,,,10.0,3.003333333333333,1.8666666666666667,,0.0,,8.15,,8.773333333333333,70.93333333333334,12.610000000000001,4.866666666666666,2.99,
2013-05,3939.0,,,,10.0,4.938709677419355,3.4838709677419355,,,,10.80967741935484,,10.738709677419354,84.7741935483871,14.7,7.106451612903226,5.15483870967742,
2013-06,3939.0,,,,10.0,1.72,2.0,,,,12.979999999999999,,16.18,71.96666666666667,21.046666666666667,10.786666666666667,8.44,
2013-07,3939.0,,,,10.0,1.1903225806451612,1.1612903225806452,,,,15.493548387096775,,20.703225806451613,65.58064516129032,25.874193548387098,14.90967741935484,11.758064516129032,
2013-08,3939.0,,,,10.0,2.3225806451612905,1.5483870967741935,,,,14.238709677419354,,18.403225806451612,69.64516129032258,23.496774193548386,13.238709677419354,9.696774193548388,
2013-09,3939.0,,,,10.0,3.066666666666667,2.2666666666666666,,,,13.410344827586206,,14.03,83.79310344827586,18.15,10.193333333333333,7.739999999999999,
2013-10,3939.0,,,,10.0,4.199999999999999,2.193548387096774,,0.0,,11.941935483870967,,11.432258064516128,87.12903225806451,14.716129032258063,8.603225806451613,6.774193548387097,
2013-11,3939.0,,,,10.0,3.006666666666667,2.933333333333333,,0.0,,7.963333333333334,,4.583333333333333,91.1,6.86,2.2800000000000002,0.41000000000000003,
2013-12,3939.0,,,,10.0,1.6290322580645162,2.3225806451612905,,0.0,,7.080645161290323,,3.9645161290322584,87.90322580645162,6.561290322580645,1.4387096774193548,-0.9354838709677419,
2014-01,3939.0,,,,10.0,1.6838709677419357,2.7096774193548385,,0.0,,7.458064516129032,,4.141935483870968,90.0,6.509677419354839,1.9580645161290324,-0.15161290322580645,
2014-02,3939.0,,,,10.0,3.064285714285714,3.0,,0.03571428571428571,,7.257142857142857,,4.996428571428572,83.78571428571429,8.064285714285715,2.2714285714285714,-0.35000000000000003,
2014-03,3939.0,,,,10.0,0.4193548387096775,0.9032258064516129,,0.0,,6.983870967741935,,8.329032258064515,66.90322580645162,13.448387096774193,3.096774193548387,-0.896774193548387,
2014-04,3939.0,,,,10.0,0.4233333333333333,1.2,,0.0,,9.139999999999999,,11.956666666666667,66.36666666666666,17.02,6.6433333333333335,3.0933333333333333,
2014-05,3939.0,,,,10.0,2.6225806451612903,1.935483870967742,,,,10.432258064516128,,12.95483870967742,71.54838709677419,17.796774193548387,8.23225806451613,5.341935483870968,
2014-06,3939.0,,,,10.0,0.9166666666666666,0.9333333333333333,,,,11.94,,17.763333333333332,60.36666666666667,23.203333333333333,11.933333333333334,8.3,
2014-07,3939.0,,,,10.0,5.841935483870968,2.193548387096774,,,,15.709677419354838,,19.316129032258065,72.6774193548387,23.983870967741936,14.703225806451613,12.548387096774194,
2014-08,3939.0,,,,10.0,2.561290322580645,2.064516129032258,,,,14.258064516129032,,15.983870967741936,78.80645161290323,20.387096774193548,11.819354838709677,9.374193548387098,
2014-09,3939.0,,,,10.0,0.9233333333333333,1.4666666666666666,,,,14.49,,15.413333333333332,82.63333333333334,19.959999999999997,11.296666666666665,8.283333333333333,
2014-10,3939.0,,,,10.0,2.116129032258064,1.8064516129032258,,0.0,,13.093548387096773,,12.758064516129032,88.12903225806451,16.46451612903226,9.525806451612903,7.125806451612903,
2014-11,3939.0,,,,10.0,1.5333333333333334,2.1333333333333333,,0.0,,9.74074074074074,,7.343333333333334,91.88888888888889,9.653333333333334,5.2266666666666675,4.033333333333333,
2014-12,3939.0,,,,10.0,2.574193548387097,3.225806451612903,,1.3870967741935485,,7.223333333333333,,2.883870967741936,93.66666666666667,4.34516129032258,0.8354838709677419,-0.2387096774193548,
2015-01,3939.0,,,,10.0,3.303225806451613,2.7096774193548385,,1.6451612903225807,,6.535483870967742,,1.832258064516129,92.70967741935483,4.138709677419355,-0.2806451612903225,-2.0483870967741935,
2015-02,3939.0,,,,10.0,1.0357142857142858,2.2857142857142856,,4.25,,5.6499999999999995,,0.6964285714285714,87.32142857142857,3.560714285714286,-1.825,-3.8964285714285714,
2015-03,3939.0,,,,10.0,0.4333333333333333,0.8888888888888888,,0.0,,6.653571428571429,,6.074193548387097,72.60714285714286,10.738709677419354,1.5225806451612904,-1.2967741935483872,
2015-04,3939.0,,,,10.0,1.1833333333333333,1.2,,0.0,,7.413333333333333,,10.373333333333333,60.36666666666667,15.379999999999999,4.97,1.0766666666666667,
2015-05,3939.0,,,,10.0,1.2032258064516128,1.8064516129032258,,,,10.561290322580644,,13.435483870967742,69.61290322580645,18.15806451612903,8.490322580645161,5.467741935483871,
2015-06,3939.0,,,,10.0,1.6333333333333333,1.7333333333333334,,,,12.883333333333333,,17.27,67.0,22.17,11.74,8.986666666666668,
2015-07,3939.0,,,,10.0,0.7258064516129032,1.935483870967742,,,,14.687096774193549,,21.23225806451613,59.70967741935484,26.932258064516127,15.383870967741935,12.380645161290323,
2015-08,3939.0,,,,10.0,1.5290322580645161,1.6774193548387097,,,,15.993548387096775,,20.59032258064516,68.6774193548387,26.016129032258064,15.26774193548387,12.558064516129033,
2015-09,3939.0,,,,10.0,2.5,1.8666666666666667,,,,11.866666666666667,,13.206666666666667,78.46666666666667,17.756666666666668,8.943333333333333,6.11,
2015-10,3939.0,,,,10.0,0.5,1.2903225806451613,,0.0,,10.245161290322581,,9.038709677419355,87.74193548387096,12.329032258064515,5.864516129032259,3.403225806451613,
2015-11,3939.0,,,,10.0,2.8233333333333333,2.2666666666666666,,0.16666666666666666,,8.783333333333333,,7.569999999999999,91.29166666666667,10.123333333333333,5.093333333333334,2.8233333333333333,
2015-12,3939.0,,,,10.0,0.8967741935483872,2.193548387096774,,0.0,,9.290322580645162,,7.54516129032258,88.58064516129032,10.109677419354838,4.883870967741935,1.8838709677419354,
2016-01,3939.0,,,,10.0,3.170967741935484,3.096774193548387,,1.6129032258064515,,6.993548387096775,,2.7580645161290325,91.06451612903226,5.438709677419355,0.16451612903225812,-1.9967741935483874,
2016-02,3939.0,,,,10.0,3.5586206896551724,2.4827586206896552,,0.0,,6.9655172413793105,,3.703448275862069,85.37931034482759,6.2620689655172415,1.4586206896551726,0.18275862068965518,
2016-03,3939.0,,,,10.0,2.5032258064516126,2.4516129032258065,,0.22580645161290322,,6.619354838709677,,4.309677419354839,79.58064516129032,7.922580645161291,0.8709677419354839,-1.1870967741935485,
2016-04,3939.0,,,,10.0,3.046666666666667,2.533333333333333,,0.0,,8.123333333333333,,8.243333333333334,75.23333333333333,12.613333333333333,3.99,1.2899999999999998,
2016-05,3939.0,,,,10.0,2.6451612903225805,2.3225806451612905,,,,11.135483870967741,,13.54516129032258,72.6774193548387,18.112903225806452,8.961290322580645,6.441935483870967,
2016-06,3939.0,,,,10.0,4.973333333333333,2.933333333333333,,,,15.066666666666668,,17.196666666666665,90.33333333333333,21.88,12.95,11.703333333333335,
2016-07,3939.0,,,,10.0,1.506451612903226,1.6774193548387097,,,,18.0,,19.67096774193548,75.83333333333333,24.812903225806455,14.551612903225807,12.361290322580645,
2016-08,3939.0,,,,10.0,0.6451612903225806,1.1612903225806452,,,,15.048387096774194,,18.925806451612903,70.80645161290323,24.261290322580646,13.419354838709678,10.138709677419355,
2016-09,3939.0,,,,10.0,0.6133333333333334,0.8,,,,14.063333333333333,,17.509999999999998,72.23333333333333,22.773333333333333,12.323333333333332,8.316666666666666,
2016-10,3939.0,,,,10.0,1.9193548387096775,1.8064516129032258,,0.0,,10.035483870967743,,8.670967741935485,88.74193548387096,12.399999999999999,4.970967741935484,2.274193548387097,
2016-11,3939.0,,,,10.0,1.8933333333333333,2.6666666666666665,,0.0,,7.683333333333334,,4.886666666666667,86.3,7.623333333333333,2.3800000000000003,0.51,
2016-12,3939.0,,,,10.0,0.27419354838709675,1.1612903225806452,,0.0,,6.409677419354838,,1.493548387096774,92.7741935483871,3.8161290322580643,-0.8032258064516129,-2.7483870967741937,
2017-01,3939.0,,,,10.0,0.9258064516129032,2.193548387096774,,1.8387096774193548,,4.735483870967743,,-1.9483870967741934,86.61290322580645,0.6419354838709677,-4.496774193548387,-6.448387096774193,
2017-02,3939.0,,,,10.0,2.439285714285714,2.4285714285714284,,0.21428571428571427,,7.207142857142857,,4.392857142857143,85.39285714285714,7.639285714285714,1.4464285714285714,-0.5428571428571428,
2017-03,3939.0,,,,10.0,2.519354838709677,1.5483870967741935,,0.0,,7.790322580645161,,8.470967741935485,71.96774193548387,12.770967741935483,4.261290322580645,1.770967741935484,
2017-04,3939.0,,,,10.0,0.18333333333333332,0.9333333333333333,,0.0,,6.9399999999999995,,8.556666666666667,63.333333333333336,13.723333333333333,2.996666666666667,-0.92,
2017-05,3939.0,,,,10.0,1.8451612903225807,1.8064516129032258,,,,11.725,,15.025806451612903,69.67857142857143,20.270967741935483,9.69032258064516,6.496774193548387,
2017-06,3939.0,,,,10.0,2.4166666666666665,1.7333333333333334,,,,14.186666666666667,,18.9,66.5,24.276666666666664,12.806666666666667,9.493333333333334,
2017-07,3939.0,,,,10.0,2.4870967741935486,2.5806451612903225,,,,15.55483870967742,,19.287096774193547,71.6774193548387,24.12258064516129,14.241935483870968,11.990322580645161,
2017-08,3939.0,,,,10.0,1.9709677419354839,1.935483870967742,,,,15.916129032258064,,18.66774193548387,74.96774193548387,23.480645161290322,13.838709677419354,11.412903225806453,
2017-09,3939.0,,,,10.0,2.9566666666666666,2.533333333333333,,,,12.213333333333333,,12.866666666666667,82.63333333333334,17.523333333333333,8.76,6.12,
2017-10,3939.0,,,,10.0,1.474193548387097,2.193548387096774,,0.0,,11.48709677419355,,11.338709677419354,85.38709677419355,15.151612903225805,7.825806451612903,4.583870967741936,
2017-11,3939.0,,,,10.0,4.06,3.066666666666667,,0.0,,8.01,,5.026666666666667,90.93333333333334,7.61,2.4866666666666664,0.8066666666666666,
2017-12,3939.0,,,,10.0,3.967741935483871,3.6129032258064515,,0.4838709677419355,,6.983870967741935,,2.570967741935484,93.29032258064517,4.548387096774194,0.7870967741935485,-0.01935483870967738,
2018-01,3939.0,,,,10.0,5.087096774193548,3.096774193548387,,0.0,,7.993548387096775,,5.032258064516129,90.35483870967742,6.95483870967742,3.070967741935484,2.1580645161290324,
2018-02,3939.0,,,,10.0,0.9321428571428572,1.7142857142857142,,1.3571428571428572,,4.5,,-1.1357142857142857,76.78571428571429,1.582142857142857,-3.3392857142857144,-5.153571428571429,
2018-03,3939.0,,,,10.0,1.467741935483871,2.838709677419355,,0.1935483870967742,,6.648387096774194,,3.858064516129032,79.45161290322581,7.509677419354839,0.5645161290322581,-0.970967741935484,
2018-04,3939.0,,,,10.0,1.0533333333333335,2.0,,0.0,,9.256666666666666,,13.270000000000001,63.2,18.263333333333332,7.7,4.256666666666667,
2018-05,3939.0,,,,10.0,3.3774193548387097,1.6774193548387097,,,,12.238709677419354,,16.006451612903227,68.25806451612904,21.448387096774194,10.30967741935484,7.254838709677419,
2018-06,3939.0,,,,10.0,2.68,1.0666666666666667,,,,14.8,,18.136666666666667,72.33333333333333,23.27,12.706666666666667,10.1,
2018-07,3939.0,,,,10.0,0.9548387096774194,1.1612903225806452,,,,14.035483870967743,,21.20967741935484,58.45161290322581,27.11935483870968,14.929032258064517,11.093548387096773,
2018-08,3939.0,,,,10.0,1.2419354838709677,1.5483870967741935,,,,14.506451612903225,,20.061290322580643,64.29032258064517,25.96451612903226,14.009677419354839,10.254838709677419,
2018-09,3939.0,,,,10.0,1.54,1.0666666666666667,,,,12.006666666666666,,15.973333333333333,66.9,21.89,10.18,6.3133333333333335,
2018-10,3939.0,,,,10.0,0.3516129032258064,1.2903225806451613,,0.0,,10.525806451612903,,11.725806451612904,76.87096774193549,16.493548387096773,7.109677419354839,3.7419354838709675,
2018-11,3939.0,,,,10.0,1.1433333333333333,1.7333333333333334,,0.0,,8.383333333333333,,6.553333333333333,84.36666666666666,9.56,4.03,2.0433333333333334,
2018-12,3939.0,,,,10.0,5.490322580645161,2.838709677419355,,0.06451612903225806,,7.758064516129032,,3.674193548387097,93.06451612903226,5.706451612903226,1.5096774193548386,0.267741935483871,
2019-01,3939.0,,,,10.0,2.148387096774193,3.225806451612903,,0.8709677419354839,,5.929032258064517,,0.4129032258064516,91.93548387096774,2.358064516129032,-1.6516129032258065,-3.3129032258064517,
2019-02,3939.0,,,,10.0,1.0214285714285716,1.2857142857142858,,0.6071428571428571,,6.128571428571428,,5.689285714285715,69.64285714285714,10.342857142857143,1.4857142857142858,-1.825,
2019-03,3939.0,,,,10.0,2.8225806451612905,2.4516129032258065,,0.0,,7.303225806451613,,7.316129032258064,73.0,11.441935483870967,3.306451612903226,0.8903225806451613,
2019-04,3939.0,,,,10.0,1.77,1.8666666666666667,,0.0,,7.88,,9.786666666666667,68.83333333333333,14.713333333333333,5.093333333333334,2.013333333333333,
2019-05,3939.0,,,,10.0,2.3214285714285716,2.0,,,,9.965,,11.416129032258064,74.95,16.39677419354839,5.829032258064516,2.987096774193548,
2019-06,3939.0,,,,10.0,1.2233333333333334,1.4666666666666666,,,,14.151724137931033,,19.91,62.172413793103445,25.44333333333333,13.85,10.35,
2019-07,3939.0,,,,10.0,1.5225806451612902,1.4193548387096775,,,,13.370967741935484,,19.93548387096774,59.83870967741935,25.80322580645161,13.641935483870967,10.035483870967743,
2019-08,3939.0,,,,10.0,1.532258064516129,1.2903225806451613,,,,14.412903225806453,,19.725806451612904,64.6774193548387,25.651612903225807,14.23225806451613,10.345161290322581,
2019-09,3939.0,,,,10.0,1.5233333333333332,1.7333333333333334,,,,11.543333333333333,,14.723333333333333,70.06666666666666,19.836666666666666,10.043333333333333,6.85,
2019-10,3939.0,,,,10.0,3.858064516129032,2.4516129032258065,,0.0,,11.729032258064517,,11.63225806451613,84.6774193548387,14.983870967741936,8.493548387096775,6.480645161290322,
2019-11,3939.0,,,,10.0,2.65,2.933333333333333,,0.0,,8.21,,5.096666666666667,91.56666666666666,7.733333333333333,2.6300000000000003,0.85,
2019-12,3939.0,,,,10.0,3.7096774193548385,2.5806451612903225,,0.06451612903225806,,7.338709677419355,,4.187096774193549,87.0,6.783870967741936,1.7677419354838708,-0.17096774193548384,
2020-01,3939.0,,,,10.0,1.7387096774193551,2.193548387096774,,0.0967741935483871,,7.170967741935484,,3.706451612903226,88.6774193548387,6.509677419354839,1.006451612903226,-0.9419354838709677,
2020-02,3939.0,,,,10.0,5.244827586206896,3.0344827586206895,,0.1724137931034483,,7.4896551724137925,,5.73448275862069,80.55172413793103,9.151724137931033,2.9310344827586206,1.3793103448275863,
2020-03,3939.0,,,,10.0,2.2870967741935484,1.6774193548387097,,0.0,,6.664516129032258,,6.258064516129032,68.6774193548387,10.432258064516128,2.3774193548387097,0.25161290322580643,
2020-04,3939.0,,,,10.0,0.44,0.6666666666666666,,0.0,,7.333333333333333,,12.72,50.733333333333334,18.736666666666668,6.133333333333334,2.5633333333333335,
2020-05,3939.0,,,,10.0,1.7032258064516128,0.7741935483870968,,,,9.106451612903227,,13.52258064516129,59.96774193548387,19.019354838709678,7.248387096774193,4.3,
2020-06,3939.0,,,,10.0,3.99,1.8666666666666667,,,,13.233333333333333,,16.84,70.9,21.77,12.023333333333333,9.639999999999999,
2020-07,3939.0,,,,10.0,0.7709677419354838,0.9032258064516129,,,,12.77741935483871,,19.116129032258065,60.03225806451613,24.729032258064517,12.651612903225805,9.170967741935485,
2020-08,3939.0,,,,10.0,1.7322580645161292,1.935483870967742,,,,15.24516129032258,,20.799999999999997,64.03225806451613,26.154838709677417,15.577419354838709,12.316129032258065,
2020-09,3939.0,,,,10.0,1.0966666666666667,1.4666666666666666,,,,12.263333333333332,,16.406666666666666,67.8,21.896666666666665,11.216666666666667,7.713333333333334,
2020-10,3939.0,,,,10.0,2.5451612903225804,3.225806451612903,,0.0,,10.403225806451612,,10.13225806451613,83.45161290322581,13.106451612903227,7.464516129032258,5.541935483870968,
2020-11,3939.0,,,,10.0,0.87,1.7333333333333334,,0.0,,8.573333333333332,,6.55,85.83333333333333,10.126666666666667,3.316666666666667,0.9666666666666667,
2020-12,3939.0,,,,10.0,3.148387096774193,2.967741935483871,,0.2903225806451613,,7.458064516129032,,3.767741935483871,90.58064516129032,5.690322580645161,1.8258064516129033,0.3774193548387097,
2021-01,3939.0,,,,10.0,2.809677419354839,3.096774193548387,,4.161290322580645,,5.890322580645161,,0.9838709677419355,88.29032258064517,2.841935483870968,-1.1129032258064515,-3.1645161290322585,
2021-02,3939.0,,,,10.0,2.4857142857142853,2.0,,1.0,,6.728571428571429,,4.360714285714286,76.03571428571429,8.014285714285714,0.7642857142857142,-1.542857142857143,
2021-03,3939.0,,,,10.0,1.367741935483871,1.935483870967742,,0.03225806451612903,,6.054838709677419,,5.919354838709677,66.6774193548387,10.474193548387097,1.603225806451613,-0.9806451612903225,
2021-04,3939.0,,,,10.0,0.7633333333333333,1.3333333333333333,,0.0,,6.013333333333334,,7.1866666666666665,60.63333333333333,12.223333333333333,1.9466666666666665,-1.1866666666666668,
2021-05,3939.0,,,,10.0,3.009677419354839,2.4516129032258065,,,,9.051612903225807,,10.62258064516129,72.09677419354838,15.280645161290321,6.338709677419355,3.916129032258065,
2021-06,3939.0,,,,10.0,2.8833333333333333,2.1333333333333333,,,,15.57,,19.293333333333333,71.56666666666666,24.446666666666665,14.273333333333333,11.486666666666668,
2021-07,3939.0,,,,10.0,3.832258064516129,1.935483870967742,,,,15.435483870967742,,17.787096774193547,77.16129032258064,22.48709677419355,13.167741935483871,10.651612903225805,
2021-08,3939.0,,,,10.0,2.396774193548387,2.838709677419355,,,,14.964516129032257,,16.54516129032258,80.3225806451613,21.174193548387095,12.64516129032258,10.274193548387096,
2021-09,3939.0,,,,10.0,0.95,1.3333333333333333,,,,13.726666666666667,,15.863333333333333,76.8,20.973333333333336,10.453333333333335,6.966666666666667,
2021-10,3939.0,,,,10.0,1.6903225806451612,2.064516129032258,,0.0,,10.364516129032259,,9.887096774193548,84.83870967741936,14.348387096774195,5.851612903225806,3.0483870967741935,
2021-11,3939.0,,,,10.0,1.7733333333333334,2.4,,0.03333333333333333,,7.569999999999999,,3.8866666666666663,92.33333333333333,6.166666666666667,1.4933333333333334,-0.41999999999999993,
2021-12,3939.0,,,,10.0,2.509677419354839,3.225806451612903,,0.03225806451612903,,7.596774193548387,,3.7806451612903227,92.03225806451613,5.961290322580646,1.596774193548387,0.01612903225806446,
2022-01,3939.0,,,,10.0,1.6612903225806452,1.935483870967742,,0.0967741935483871,,6.458064516129032,,1.9419354838709677,90.29032258064517,4.487096774193549,-0.37741935483870964,-1.9129032258064516,
2022-02,3939.0,,,,10.0,3.0142857142857147,2.7142857142857144,,0.0,,7.035714285714286,,4.753571428571428,81.07142857142857,7.7749999999999995,1.8785714285714286,-0.19285714285714287,
2022-03,3939.0,,,,10.0,0.6741935483870968,0.9032258064516129,,0.0,,5.72258064516129,,7.303225806451613,56.193548387096776,12.27741935483871,2.406451612903226,-0.832258064516129,
2022-04,3939.0,,,,10.0,2.863333333333333,2.0,,0.4666666666666667,,7.456666666666666,,8.886666666666667,66.8,13.4,4.496666666666667,2.033333333333333,
2022-05,3939.0,,,,10.0,0.7806451612903227,1.4193548387096775,,,,10.974193548387097,,15.593548387096773,63.38709677419355,21.15806451612903,9.45483870967742,5.796774193548386,
2022-06,3939.0,,,,10.0,1.9066666666666667,1.8666666666666667,,,,13.216,,19.13,61.44,24.94333333333333,12.553333333333335,9.396666666666667,
2022-07,3939.0,,,,10.0,0.2967741935483871,0.9032258064516129,,,,11.61111111111111,,21.083870967741937,50.55555555555556,27.27741935483871,14.016129032258064,10.609677419354838,
2022-08,3939.0,,,,10.0,0.8129032258064517,1.4193548387096775,,,,13.406451612903227,,21.848387096774193,53.67741935483871,27.88064516129032,15.667741935483871,11.870967741935484,
2022-09,3939.0,,,,10.0,3.546666666666667,3.066666666666667,,,,12.382142857142856,,14.116666666666667,77.60714285714286,18.796666666666667,9.629999999999999,6.84,
2022-10,3939.0,,,,10.0,3.8193548387096774,2.064516129032258,,0.0,,13.182758620689656,,13.912903225806453,84.6896551724138,18.125806451612902,9.96774193548387,6.47741935483871,
2022-11,3939.0,,,,10.0,2.8266666666666667,2.933333333333333,,0.0,,9.435714285714285,,7.65,89.60714285714286,10.09,5.213333333333334,2.96,
2022-12,3939.0,,,,10.0,1.8258064516129033,1.935483870967742,,0.4838709677419355,,7.1,,2.838709677419355,88.35483870967742,5.083870967741936,0.5806451612903226,-1.1903225806451612,
2023-01,3939.0,,,,10.0,2.196774193548387,2.967741935483871,,1.5806451612903225,,7.138709677419355,,3.458064516129032,88.3225806451613,5.264516129032257,1.606451612903226,0.4774193548387096,
2023-02,3939.0,,,,10.0,0.37857142857142856,1.8571428571428572,,0.0,,6.821428571428571,,4.075,80.14285714285714,7.521428571428571,1.0035714285714286,-1.032142857142857,
2023-03,3939.0,,,,10.0,3.4709677419354836,2.967741935483871,,0.0,,7.541935483870968,,6.651612903225806,75.51612903225806,10.55483870967742,2.829032258064516,0.9225806451612903,
2023-04,3939.0,,,,10.0,2.85,2.2666666666666666,,0.0,,8.03,,8.343333333333334,72.7,12.56,4.076666666666666,1.3233333333333335,
2023-05,3939.0,,,,3.0,0.567741935483871,1.4193548387096775,,,,10.816129032258065,,14.283870967741937,67.93548387096774,19.6,8.716129032258063,6.280645161290322,
2023-06,3939.0,,,,3.0,0.29,0.9333333333333333,,,,12.33,,20.346666666666668,52.897666666666666,26.15666666666667,13.520000000000001,9.596666666666666,
2023-07,3939.0,,,,3.0,4.258064516129032,2.193548387096774,,,,14.174193548387096,,19.293548387096774,65.15129032258065,24.396774193548385,14.390322580645162,11.370967741935484,
2023-08,3939.0,,,,3.0,3.870967741935484,2.838709677419355,,,,16.88064516129032,,18.674193548387095,78.53516129032259,23.43548387096774,14.312903225806451,12.0,
2023-09,3939.0,,,,3.0,0.5400000000000001,1.0666666666666667,,,,15.026666666666667,,18.59,71.03633333333333,24.263333333333332,13.1,9.45,
2023-10,3939.0,,,,3.0,4.706451612903226,2.193548387096774,,0.0,,11.64516129032258,,12.619354838709677,79.80935483870968,16.92258064516129,8.525806451612903,5.335483870967742,
2023-11,3939.0,,,,3.0,5.113333333333333,3.7333333333333334,,0.03333333333333333,,8.49,,5.953333333333333,88.99133333333333,8.136666666666667,3.93,2.5433333333333334,
2023-12,3939.0,,,,3.0,3.0,3.096774193548387,,0.0,,7.867741935483871,,4.625806451612903,90.13032258064516,6.574193548387097,2.8419354838709676,1.464516129032258,
